{"numFrames":1,"task":"","start_time":0,"end_time":0,"total_time":0,"sessionNumber":8,"tickRate":6.0,"frames":[{"frameNum":2269,"unixTime":1652722489989,"timestamp":232974,"hPos":{"x":0.008903063833713532,"y":-0.01697162538766861,"z":-0.036822233349084857},"hDir":{"x":-0.13327282667160035,"y":-0.14416198432445527,"z":0.9805384874343872},"hRot":{"x":0.07194700092077255,"y":-0.06748627126216889,"z":0.007212944328784943,"w":0.9950966238975525},"hAngl":{"x":8.2887544631958,"y":352.2598876953125,"z":0.2689077854156494},"gazeOrigin":{"x":0.006094984710216522,"y":-0.020371155813336374,"z":-0.03344474732875824},"gazeDirection":{"x":-0.1384686529636383,"y":-0.1748880296945572,"z":0.9748028516769409},"rightHandRay":{"x":-0.26897376775741579,"y":-0.2299652099609375,"z":0.79644775390625},"leftHandRay":{"x":0.0,"y":0.0,"z":0.0},"experimentEvents":[{"unixTime":1652722489959,"systemTime":"10-34-49-95","isResponsive":false,"eventName":"entered","task_number":8,"task_type":"Scroll","object_scale":{"x":1.0,"y":1.0,"z":1.0},"object_position":{"x":0.0,"y":0.0,"z":0.75},"correct_answer":"8","guess":"8"},{"unixTime":1652722489959,"systemTime":"10-34-49-95","isResponsive":false,"eventName":"end","task_number":8,"task_type":"Scroll","object_scale":{"x":1.0,"y":1.0,"z":1.0},"object_position":{"x":0.0,"y":0.0,"z":0.75},"correct_answer":"8","guess":"8"}],"responsiveData":{"scale":{"x":0.0,"y":0.0,"z":0.0},"position":{"x":0.0,"y":0.0,"z":0.0},"ratio":0.0,"distance":0.0}}],"isResponsive":false}