,userID,Mode,Application,Time,Task,Guesses,Avg Dist,STD Dist,Avg Scale,Avg Scale:Dist,Start Dist
0,61,Responsive,Article,2810,1,1,0.6017109304666519,0.008941279512511056,0.25,0.4154818989346173,
100,67,Responsive,Article,3040,1,1,0.5508491138617198,0.04794710613389739,0.25,0.4538447892697487,
330,41,Responsive,Article,3201,1,1,0.5822873394936323,0.10648285770755408,0.25,0.4293412943125374,
388,71,Responsive,Article,3310,1,1,0.6438743761091521,0.04544594777029839,0.25,0.38827449775329936,
380,85,Responsive,Article,3500,1,1,0.6166204997471401,0.014638363737172574,0.25,0.4054357584649204,
260,37,Responsive,Article,3520,1,1,0.6412303311484201,0.010649838414612601,0.25,0.38987550628221085,
428,47,Responsive,Article,4040,1,1,0.5927979178726673,0.13344124975008118,0.25,0.4217288766754742,
140,45,Responsive,Article,4491,1,1,0.5844608214166429,0.014827345588140908,0.25,0.4277446679728481,
10,59,Responsive,Article,4550,1,1,0.5683919320935789,0.09104307219119112,0.25,0.4398373479355448,
130,33,Responsive,Article,4590,1,1,0.6663810756471422,0.034459577616551045,0.25,0.3751607137961078,
340,83,Responsive,Article,4820,1,1,0.6805263111988703,0.07515445461218052,0.25,0.36736272482922777,
220,65,Responsive,Article,5429,1,1,0.619498213854703,0.08633684079113293,0.25,0.4035524145330868,
60,69,Responsive,Article,5469,1,1,0.6145379001444037,0.08805829815662466,0.25,0.4068097345033645,
240,53,Responsive,Article,6051,1,1,0.5578217724959056,0.015178947860564595,0.25,0.4481718217655891,
80,51,Responsive,Article,6540,1,2,0.5869261539899386,0.033133981684945836,0.25,0.4259479634712029,
290,63,Responsive,Article,6810,1,1,0.6166017349086591,0.050254096007765064,0.25,0.4054480969584589,
408,49,Responsive,Article,6960,1,1,0.6747711019856589,0.0958515206809393,0.25,0.3704960085936124,
210,31,Responsive,Article,7000,1,1,0.6493742811507073,0.019954831386871822,0.25,0.38498598921563976,
30,57,Responsive,Article,7968,1,1,0.5419594871846936,0.024997594559174805,0.25,0.46128909247196714,
50,35,Responsive,Article,8469,1,1,0.596325604354634,0.06659574628481386,0.25,0.41923405296433547,
270,39,Responsive,Article,8670,1,1,0.5511232249877032,0.081785338864591,0.25,0.45361906133710495,
180,43,Responsive,Article,8818,1,1,0.6378162157806483,0.005701233893254692,0.25,0.39196243967239874,
280,55,Responsive,Article,14920,1,1,0.6801073112197824,0.027663804846644706,0.25,0.3675890493687259,
300,64,Static,Article,2289,1,1,0.5946783338113116,0.021853511097283212,0.25,0.4203953394396301,
200,36,Static,Article,3230,1,1,0.5867398976935841,0.016904953513057326,0.25,0.42608317754208463,
110,60,Static,Article,3260,1,1,0.6295919932936026,0.01198235266141704,0.25,0.39708255928123837,
40,32,Static,Article,3983,1,1,0.5771232211404008,0.01993165452546317,0.25,0.43318305492195874,
70,56,Static,Article,4103,1,1,0.7303334356412413,0.043455808279257956,0.25,0.3423093997887377,
90,58,Static,Article,4330,1,1,0.6516213854086647,0.03999271530711696,0.25,0.3836583721745295,
190,38,Static,Article,4550,1,1,0.5623676959426702,0.01351062191074118,0.25,0.4445490055771018,
360,70,Static,Article,4565,1,1,0.6164297462965227,0.020246005723244996,0.25,0.4055612200773677,
398,82,Static,Article,4970,1,1,0.6112352292795742,0.0241194991306819,0.25,0.40900783859376005,
20,68,Static,Article,5230,1,1,0.5965748500467966,0.010794982233443707,0.25,0.4190588992821093,
230,54,Static,Article,5730,1,1,0.632059405251099,0.07517270443563519,0.25,0.39553244192400266,
170,44,Static,Article,5831,1,1,0.6274633306417847,0.056583167065613685,0.25,0.3984296576252415,
350,48,Static,Article,6211,1,1,0.5737175367076297,0.07666043438626337,0.25,0.43575450287726114,
320,79,Static,Article,6327,1,1,0.588683533063387,0.008246404695545492,0.25,0.4246763939515207,
370,84,Static,Article,6500,1,1,0.6651804546327357,0.030424155049559906,0.25,0.3758378621302573,
150,80,Static,Article,6751,1,2,0.6706134353161637,0.06212819001935797,0.25,0.37279300836276325,
438,78,Static,Article,9679,1,1,0.6313446642457244,0.015060371806172526,0.25,0.395980221514469,
160,86,Static,Article,9770,1,1,0.6575857704259319,0.0021749201492442505,0.25,0.38017854285087377,
120,34,Static,Article,13876,1,1,0.5514130496113041,0.05948059094510209,0.25,0.453380637575094,
310,46,Static,Article,16430,1,1,0.6855100905769899,0.04620120357544308,0.25,0.3646919329656788,
250,30,Static,Article,17181,1,1,0.6507748255948664,0.0267761130296551,0.25,0.3841574538035912,
418,40,Static,Article,47081,1,2,0.635140887892849,0.0991798366855084,0.25,0.3936134561095618,
131,33,Responsive,Article,2110,2,1,0.6623108143156226,0.00603480193918838,0.25,0.3774662810818353,
261,37,Responsive,Article,2170,2,1,0.618166674267162,0.00686801261780615,0.25,0.40442167202943374,
211,31,Responsive,Article,2240,2,1,0.6440173931743788,0.01390796433190046,0.25,0.3881882735615934,
1,61,Responsive,Article,2280,2,1,0.6206074434777965,0.008431530180595283,0.25,0.40283113363744927,
381,85,Responsive,Article,2690,2,1,0.6213100287649367,0.008625357997675286,0.25,0.40237560706521885,
221,65,Responsive,Article,2720,2,1,0.6195103459888034,0.01178241083894718,0.25,0.40354451159483673,
271,39,Responsive,Article,2900,2,1,0.5732453564802805,0.01050163519864483,0.25,0.4361134323616626,
241,53,Responsive,Article,2911,2,1,0.5873108625411987,0.008286469244901735,0.25,0.4256689530963051,
341,83,Responsive,Article,2970,2,1,0.6881776690483093,0.0864633013475272,0.25,0.3632782800780626,
51,35,Responsive,Article,3350,2,1,0.6230767386801103,0.005405544800217637,0.25,0.40123468664483536,
429,47,Responsive,Article,3454,2,1,0.7042538225650787,0.19031468534776555,0.25,0.3549856486251418,
291,63,Responsive,Article,3499,2,1,0.6159707936975691,0.05391564976447546,0.25,0.40586339897593526,
81,51,Responsive,Article,3519,2,1,0.6327266863414219,0.07021640952231681,0.25,0.3951153087055016,
409,49,Responsive,Article,3560,2,2,0.5922977907790078,0.02323510375657657,0.25,0.42208497801619776,
141,45,Responsive,Article,3629,2,1,0.5805106662415169,0.015682611682152355,0.25,0.43065530840046523,
61,69,Responsive,Article,6271,2,1,0.5421646304668919,0.07959702092957077,0.25,0.46111455073103785,
331,41,Responsive,Article,6300,2,1,0.608266326170119,0.008821445491561036,0.25,0.4110041757104936,
11,59,Responsive,Article,6411,2,1,0.6956654582172632,0.04688605634010833,0.25,0.35936813743873214,
101,67,Responsive,Article,7350,2,1,0.521024735795485,0.0789828305645334,0.25,0.47982366829150147,
181,43,Responsive,Article,9310,2,1,0.623453917021447,0.00546432588086869,0.25,0.40099194691786644,
281,55,Responsive,Article,10150,2,1,0.7616969572038067,0.13517139016460092,0.25,0.3282145184323057,
389,71,Responsive,Article,12360,2,1,0.5726020292889688,0.03198428279514604,0.25,0.43660341251399104,
31,57,Responsive,Article,17340,2,3,0.48285710984884306,0.06365087297820902,0.25,0.5177515146836333,
41,32,Static,Article,4460,2,2,0.5871317241194106,0.01543854595022913,0.25,0.4257988279801333,
151,80,Static,Article,4981,2,1,0.6242602747288097,0.013134922515214175,0.25,0.40047398516364774,
351,48,Static,Article,5261,2,1,0.5073310827000926,0.09964826729882434,0.25,0.49277485359158807,
301,64,Static,Article,5380,2,1,0.5845730810982896,0.023625799546217532,0.25,0.4276625251547722,
399,82,Static,Article,6050,2,1,0.5737360014453013,0.024305727571706594,0.25,0.4357404788443181,
111,60,Static,Article,6620,2,1,0.5898688410613477,0.007977812569802015,0.25,0.4238230308116909,
201,36,Static,Article,7140,2,1,0.5480806654478819,0.006076527234742694,0.25,0.4561372362874804,
371,84,Static,Article,7670,2,3,0.5306010558550519,0.0313711275844664,0.25,0.47116378160448724,
21,68,Static,Article,8130,2,3,0.6107440364067993,0.014874921984312468,0.25,0.40933678447493194,
439,78,Static,Article,8500,2,1,0.5557550057940486,0.022565008403722116,0.25,0.44983850328582536,
171,44,Static,Article,8550,2,1,0.5880347732770088,0.07136822213259149,0.25,0.4251449257104241,
191,38,Static,Article,8659,2,1,0.5862743067450948,0.02845274465883757,0.25,0.42642155237530655,
361,70,Static,Article,10060,2,1,0.6087531483492274,0.016625970217229093,0.25,0.41067549412751597,
231,54,Static,Article,11410,2,1,0.6215942625213159,0.027536320761034346,0.25,0.40219161448811946,
91,58,Static,Article,11551,2,1,0.6178753095557705,0.021330824353021364,0.25,0.4046123807402836,
251,30,Static,Article,12720,2,1,0.6068818294789257,0.01112402117632706,0.25,0.4119418111671795,
161,86,Static,Article,13040,2,1,0.6987093205402279,0.10865785185799379,0.2539424479007721,0.36344505566982976,
321,79,Static,Article,15300,2,1,0.5325524328478238,0.017986829291303102,0.25,0.46943734471951454,
121,34,Static,Article,19240,2,3,0.5455995854291534,0.03755591985802118,0.25,0.45821149186423404,
71,56,Static,Article,33316,2,1,0.7001592633377252,0.035949286158307996,0.25,0.35706161882116144,
419,40,Static,Article,47393,2,3,0.7884788257535501,0.2592942867233295,0.25,0.3170662189451628,
311,46,Static,Article,49531,2,3,0.577441290848586,0.08396436965692157,0.2600057265482658,0.45027214137418403,
2,61,Responsive,Article,2750,3,1,0.5945008588688714,0.019570312981820423,0.3464285656809807,0.5827217244733909,
410,49,Responsive,Article,3531,3,2,0.6266355752944947,0.022278897204330007,0.3499999940395355,0.5585383400472419,
262,37,Responsive,Article,3650,3,1,0.5818813878136713,0.003672420364154677,0.3499999940395355,0.6014971459296988,
332,41,Responsive,Article,4110,3,1,0.5724495450655619,0.017468820081688263,0.34761904180049896,0.6072483501767595,
212,31,Responsive,Article,4431,3,1,0.5976269669002957,0.019664434139796478,0.34777777194976806,0.5819311898751535,
272,39,Responsive,Article,4741,3,1,0.6027457650671614,0.01690228102393664,0.3499999940395355,0.5806759903166413,
132,33,Responsive,Article,6809,3,1,0.5747311167095018,0.10115522037374994,0.3499999940395355,0.6089804151259192,
52,35,Responsive,Article,8480,3,1,0.617848728684818,0.00884353151954618,0.3499999940395355,0.5664816933176541,
102,67,Responsive,Article,8620,3,1,0.5299280275558603,0.08058500556514152,0.3499999940395355,0.660467036729137,
390,71,Responsive,Article,9230,3,1,0.5873837493440156,0.040670868507306085,0.3499999940395355,0.5958625760934178,
62,69,Responsive,Article,10330,3,1,0.5668405034009693,0.08105035787172996,0.3499999940395355,0.6174576303908791,
12,59,Responsive,Article,10361,3,1,0.6823850407183749,0.037660882703751807,0.3499999940395355,0.5129068973597019,
82,51,Responsive,Article,10895,3,1,0.7259624429323055,0.063100674684568,0.3499999940395355,0.4821185964191433,
242,53,Responsive,Article,11040,3,1,0.6343561942512924,0.02730772993094337,0.3499999940395355,0.5517404846225673,
430,47,Responsive,Article,14070,3,1,0.5135083479039809,0.12373167522347775,0.3492646999657154,0.6801538892041988,
342,83,Responsive,Article,16400,3,3,0.655267603923938,0.07985484421990749,0.3499999940395355,0.5341329129406537,
32,57,Responsive,Article,19400,3,1,1.0416699743696622,0.4567785587119947,0.3499999940395355,0.3359989273486819,
382,85,Responsive,Article,19681,3,1,0.5487435641362495,0.01356875181776657,0.3499999940395355,0.6378206814879979,
282,55,Responsive,Article,19862,3,3,0.577946867524963,0.05447288016940811,0.3499999940395355,0.605591990728141,
142,45,Responsive,Article,24411,3,2,0.5914343066794104,0.05227506328557711,0.3499999940395355,0.5917816908603081,
222,65,Responsive,Article,28140,3,2,0.5566992054890542,0.03886090436987056,0.3499999940395355,0.6287057545412955,
292,63,Responsive,Article,29740,3,3,0.5494041126476575,0.07054940695542286,0.3499999940395355,0.6370538297444392,
182,43,Responsive,Article,85412,3,9,0.6569889292932383,0.1027188835131648,0.3499999940395355,0.5327334730222184,
372,84,Static,Article,2708,3,1,0.6562183928552127,0.03490602229349179,0.3499999940395355,0.533359012563915,
42,32,Static,Article,2900,3,1,0.6006946267337305,0.027344929033432223,0.3499999940395355,0.5826587727988447,
152,80,Static,Article,2990,3,2,0.6085375590307187,0.031504080071610784,0.3499999940395355,0.575149370561477,
312,46,Static,Article,3000,3,1,0.5339613426130095,0.0034933229733024253,0.3499999940395355,0.6554781518953504,
172,44,Static,Article,3050,3,1,0.6523003967749798,0.10129502108307828,0.3499999940395355,0.5365625956537214,
122,34,Static,Article,4490,3,1,0.6857194138066708,0.09938038521034061,0.3499999940395355,0.5104128408681939,
302,64,Static,Article,5010,3,1,0.5433021753261439,0.059827991759584705,0.3499999940395355,0.6442087109800928,
162,86,Static,Article,6160,3,1,0.6390085496665626,0.007143938756579833,0.3499999940395355,0.5477234916843711,
112,60,Static,Article,6970,3,2,0.6041339393305134,0.0103834295792748,0.3499999940395355,0.579341717545942,
232,54,Static,Article,7081,3,1,0.6750876467141875,0.03547027179356252,0.3499999940395355,0.5184511903647903,
400,82,Static,Article,7411,3,1,0.5777008812966212,0.02073953360717682,0.3499999940395355,0.6058498530484803,
202,36,Static,Article,9872,3,1,0.590460261320407,0.004096268425078508,0.3499999940395355,0.5927579160989663,
420,40,Static,Article,10103,3,1,0.5201768107734088,0.15317190791580657,0.3499999940395355,0.6728481293103952,
92,58,Static,Article,11060,3,1,0.5287764917005311,0.06398329541998514,0.3499999940395355,0.6619053598883431,
362,70,Static,Article,12180,3,1,0.5959806820647211,0.018320362602342547,0.3499999940395355,0.5872673470337868,
22,68,Static,Article,15194,3,4,0.5967004834448434,0.01961435592637529,0.3499999940395355,0.5865589248712049,
192,38,Static,Article,15531,3,1,0.5569837093513832,0.0188010624315881,0.3499999940395355,0.6283846154982097,
252,30,Static,Article,17170,3,1,0.6223513792826657,0.05519601380786156,0.3499999940395355,0.5623832543650057,
322,79,Static,Article,17200,3,1,0.5534970196938872,0.03459416310005048,0.3499999940395355,0.6323430507956552,
72,56,Static,Article,21485,3,7,0.5809883822072829,0.10726369040582195,0.3499999940395355,0.6024216744400644,
440,78,Static,Article,27099,3,4,0.5937183340089346,0.0285309208582202,0.3499999940395355,0.5895051137738128,
352,48,Static,Article,31811,3,9,0.488910416451339,0.1140524179545175,0.3499999940395355,0.7158775560151537,
63,69,Responsive,Article,2440,4,1,0.8230074743429819,0.00487645937207164,0.550000011920929,0.6682807010470974,
243,53,Responsive,Article,2450,4,1,0.6189062881469727,0.06311128041465235,0.550000011920929,0.8886644431544692,
343,83,Responsive,Article,2580,4,1,0.7380481866689829,0.1052057136460976,0.550000011920929,0.7452088113693934,
3,61,Responsive,Article,2963,4,1,0.613333119500068,0.02459027054259499,0.543548398440884,0.8862205238222485,
213,31,Responsive,Article,3360,4,1,0.6488658820881563,0.03423350420129856,0.550000011920929,0.8476328115001811,
83,51,Responsive,Article,3975,4,1,0.7148319293813008,0.09426931280028535,0.550000011920929,0.7694116467306704,
411,49,Responsive,Article,4841,4,1,0.6606029396255811,0.03120840690332954,0.550000011920929,0.8325727588082789,
133,33,Responsive,Article,4940,4,1,0.6770045965909958,0.1355630893335061,0.5460000115633011,0.8064938027195707,
183,43,Responsive,Article,5321,4,1,0.5497662336738022,0.031403168599404875,0.550000011920929,1.0004252320946752,
263,37,Responsive,Article,5981,4,2,0.6305856812195699,0.015289097594768224,0.5467213231032012,0.8670056098416749,
273,39,Responsive,Article,6211,4,1,0.6688373599733625,0.05369919069040408,0.550000011920929,0.8223225029517394,
333,41,Responsive,Article,6476,4,1,0.600805935534564,0.09233394115241726,0.5469697086196957,0.9103933171582805,
103,67,Responsive,Article,8310,4,1,0.6288342088101858,0.09500528276224045,0.550000011920929,0.8746343697833827,
53,35,Responsive,Article,8969,4,1,0.5906037112077077,0.009491628207499535,0.5477777895000245,0.9274878892648512,
383,85,Responsive,Article,10271,4,2,0.5943330491290373,0.033246150449491994,0.550000011920929,0.9254070806375718,
391,71,Responsive,Article,10355,4,1,0.5881843115519552,0.044872610146303345,0.550000011920929,0.9350810640795996,
13,59,Responsive,Article,10380,4,2,0.7403863315443391,0.0910891047491529,0.550000011920929,0.7428554370712224,
431,47,Responsive,Article,13520,4,1,0.6732318224315357,0.14877802802641907,0.550000011920929,0.8169548639790586,
223,65,Responsive,Article,14120,4,1,0.6541971475520032,0.030138163147632242,0.550000011920929,0.8407251758571884,
293,63,Responsive,Article,14980,4,2,0.7540089197953542,0.06210781383507129,0.5486666784683863,0.7276660316131275,
33,57,Responsive,Article,16330,4,1,0.8037363454699517,0.3044505039912857,0.550000011920929,0.6843040196214334,
283,55,Responsive,Article,21450,4,2,0.7458113325092027,0.10018579854805695,0.550000011920929,0.737451937168228,
143,45,Responsive,Article,25621,4,1,0.632487792107794,0.08005002246675329,0.550000011920929,0.869582020054536,
23,68,Static,Article,4420,4,1,0.6226257426976359,0.0165203468251913,0.550000011920929,0.8833557211077666,
401,82,Static,Article,5379,4,1,0.5998849972607508,0.04145612645770389,0.550000011920929,0.9168424188509278,
353,48,Static,Article,5590,4,1,0.7355773728131798,0.31467441852644407,0.550000011920929,0.7477119773511802,
203,36,Static,Article,5899,4,1,0.6180622506258189,0.005120352335410653,0.550000011920929,0.8898780201573976,
441,78,Static,Article,5939,4,1,0.6274439128589421,0.04281205896551765,0.550000011920929,0.8765723926061523,
363,70,Static,Article,6021,4,1,0.6431866828935561,0.023293402609397877,0.550000011920929,0.8551172257587787,
193,38,Static,Article,6040,4,1,0.6202736060504619,0.02814506348363265,0.550000011920929,0.8867054902158518,
373,84,Static,Article,6640,4,2,0.6413416458446384,0.07780360241887388,0.550000011920929,0.8575772608631805,
43,32,Static,Article,7040,4,2,0.5888789799045239,0.0399385823747197,0.550000011920929,0.9339780000469733,
113,60,Static,Article,8939,4,1,0.6400599190282544,0.012779269521683014,0.550000011920929,0.8592945684771899,
253,30,Static,Article,9960,4,1,0.5565360288090951,0.11719207201210427,0.550000011920929,0.9882558962046855,
153,80,Static,Article,9990,4,3,0.6883534436331118,0.05232342605304012,0.550000011920929,0.7990081505484203,
173,44,Static,Article,10120,4,3,0.6466520652770711,0.05714643447669846,0.550000011920929,0.8505346869730794,
73,56,Static,Article,10395,4,1,0.7142961140089483,0.07660482539419665,0.550000011920929,0.7699888059506352,
323,79,Static,Article,11170,4,1,0.5684683573603321,0.021611827888630322,0.550000011920929,0.9675120959675567,
123,34,Static,Article,12870,4,4,0.6588530033659838,0.07395787998051896,0.550000011920929,0.8347841007190665,
233,54,Static,Article,13210,4,1,0.6853047736671699,0.07548149262056832,0.550000011920929,0.8025626451976912,
93,58,Static,Article,16211,4,1,0.6364386392844306,0.060754728510380045,0.550000011920929,0.864183878809295,
313,46,Static,Article,20641,4,2,0.6362278689165964,0.07475492137310959,0.550000011920929,0.8644701667305128,
421,40,Static,Article,24220,4,1,0.8745858380457767,0.2106099989682845,0.550000011920929,0.628869103517477,
303,64,Static,Article,26211,4,4,0.6783292407747832,0.0981923255838711,0.550000011920929,0.8108157202433476,
163,86,Static,Article,27961,4,4,0.6302702738431033,0.00868756536776271,0.550000011920929,0.872641523401187,
294,63,Responsive,Numpad,16100,1,1,0.5692520430133601,0.11354918185317865,0.550000011920929,0.9661801282424571,
344,83,Responsive,Numpad,16820,1,1,0.5660889705261553,0.07991159646627916,0.550000011920929,0.9715787456691264,
392,71,Responsive,Numpad,18291,1,1,0.5427037080687084,0.10986579340018465,0.550000011920929,1.0134443596823497,
104,67,Responsive,Numpad,18390,1,1,0.5337426124671318,0.1490933516216843,0.550000011920929,1.0304592495971985,
4,61,Responsive,Numpad,18900,1,1,0.5581300665614426,0.05054549666956952,0.550000011920929,0.9854334049935677,
184,43,Responsive,Numpad,20050,1,1,0.49242074260808,0.10904567189384526,0.550000011920929,1.1169310395169048,
144,45,Responsive,Numpad,21340,1,1,0.4853679208528428,0.12500667768986543,0.550000011920929,1.1331610275242763,
264,37,Responsive,Numpad,21860,1,1,0.5915421700697341,0.022747946376287142,0.550000011920929,0.9297731248071327,
134,33,Responsive,Numpad,21881,1,1,0.48377495509688206,0.17783603095964948,0.550000011920929,1.1368922804422243,
412,49,Responsive,Numpad,22110,1,1,0.5118125221795506,0.08024861816344712,0.550000011920929,1.0746122614951996,
274,39,Responsive,Numpad,22230,1,1,0.4474896162474921,0.07739702822160707,0.550000011920929,1.2290788254106473,
214,31,Responsive,Numpad,26260,1,1,0.6235845974847383,0.029595305453005413,0.550000011920929,0.8819974292812609,
384,85,Responsive,Numpad,26301,1,1,0.5367442279708892,0.03222965030323726,0.550000011920929,1.024696649277724,
54,35,Responsive,Numpad,26550,1,1,0.6034570172313571,0.015504055680950646,0.550000011920929,0.9114153886954743,
432,47,Responsive,Numpad,26831,1,1,0.5154912340594995,0.133528490488522,0.550000011920929,1.0669434814432681,
14,59,Responsive,Numpad,30771,1,1,0.6313130227185912,0.05174714456276037,0.550000011920929,0.8712001687411608,
284,55,Responsive,Numpad,31347,1,1,0.669235524593615,0.12570386349490623,0.550000011920929,0.8218332585600707,
224,65,Responsive,Numpad,33339,1,1,0.48430575960929917,0.06389664934162417,0.550000011920929,1.1356462338268016,
334,41,Responsive,Numpad,36301,1,1,0.5176191184809297,0.056601175025183866,0.550000011920929,1.0625573752666406,
244,53,Responsive,Numpad,38010,1,1,0.4904586396525415,0.08557583677254482,0.550000011920929,1.1213993749005395,
64,69,Responsive,Numpad,39930,1,1,0.6214089673156886,0.10245800271743549,0.550000011920929,0.8850854121027152,
84,51,Responsive,Numpad,63332,1,2,0.5580840026066728,0.06793794007865263,0.550000011920929,0.9855147421392021,
34,57,Responsive,Numpad,66551,1,1,0.5805751057624817,0.267633452580241,0.550000011920929,0.9473365400305997,
204,36,Static,Numpad,13380,1,1,0.5180854251936801,0.029926210597966036,0.550000011920929,1.061601012449478,
24,68,Static,Numpad,14831,1,1,0.6085163399943434,0.013905912631923693,0.550000011920929,0.9038377045488073,
374,84,Static,Numpad,15910,1,1,0.4957328468459854,0.046153837944758164,0.550000011920929,1.1094685684440904,
234,54,Static,Numpad,16600,1,1,0.4706962676711843,0.08911520291960201,0.550000011920929,1.1684817783708117,
44,32,Static,Numpad,16731,1,1,0.5516215936902563,0.059771427322516495,0.550000011920929,0.9970603366730456,
114,60,Static,Numpad,16880,1,1,0.4861679173990866,0.07054783170702597,0.550000011920929,1.1312963941827607,
304,64,Static,Numpad,16971,1,1,0.5291296023285409,0.06248397809125991,0.550000011920929,1.039442906804956,
354,48,Static,Numpad,18520,1,1,0.5930608041976922,0.24342822777068118,0.550000011920929,0.9273922809061425,
324,79,Static,Numpad,18721,1,1,0.5425047820358445,0.04929393514214789,0.550000011920929,1.0138159701688845,
254,30,Static,Numpad,21691,1,1,0.4564046052857301,0.14283995671125643,0.550000011920929,1.2050711266960241,
422,40,Static,Numpad,22380,1,1,0.6354322089309132,0.1407509590360935,0.550000011920929,0.8655526178729275,
94,58,Static,Numpad,22539,1,1,0.5141687515952023,0.10498127731525513,0.550000011920929,1.0696877439839754,
74,56,Static,Numpad,24960,1,1,0.5110101364928566,0.12645632300943432,0.550000011920929,1.0762996125588937,
154,80,Static,Numpad,25881,1,1,0.5350224175896489,0.06280482064030855,0.550000011920929,1.0279943304034926,
364,70,Static,Numpad,25950,1,2,0.5682001356281791,0.05719205589025793,0.550000011920929,0.9679688149191855,
442,78,Static,Numpad,32371,1,1,0.5329843692810241,0.05631977430215119,0.550000011920929,1.031925218863094,
402,82,Static,Numpad,32471,1,1,0.4329599830031885,0.10264173787108519,0.550000011920929,1.2703252806550451,
124,34,Static,Numpad,33450,1,1,0.7611936365918515,0.1594865353786517,0.550000011920929,0.7225494085624319,
174,44,Static,Numpad,35310,1,1,0.6142743028203723,0.0737067964873018,0.550000011920929,0.8953654896447156,
194,38,Static,Numpad,35871,1,2,0.5968338545824072,0.038585082641356995,0.550000011920929,0.9215295139478189,
314,46,Static,Numpad,39410,1,1,0.7332468523054751,0.12645048624182567,0.550000011920929,0.7500884731951029,
164,86,Static,Numpad,47231,1,1,0.5585749454057806,0.06417003402775616,0.550000011920929,0.9846485533313308,
385,85,Responsive,Numpad,13140,2,1,0.4909481046291498,0.05560949570089563,0.8999999761581421,1.8331875969619642,
5,61,Responsive,Numpad,13560,2,1,0.5842470316325917,0.08995191632311557,0.8999999761581421,1.5404442426403528,
135,33,Responsive,Numpad,17790,2,1,0.42962470616613113,0.16432757037664023,0.8999999761581421,2.0948515372626684,
345,83,Responsive,Numpad,18709,2,1,0.5726540258494757,0.07131074118962938,0.8981182559203076,1.5683435641407355,
433,47,Responsive,Numpad,21496,2,1,0.5078632923918711,0.18379707088142042,0.8999999761581421,1.7721303934360655,
55,35,Responsive,Numpad,23711,2,1,0.6116317384170763,0.016381191472211582,0.8999999761581421,1.4714736329533398,
85,51,Responsive,Numpad,24610,2,1,0.5825383569968581,0.08721997755953056,0.8999999761581421,1.5449626026308105,
65,69,Responsive,Numpad,25170,2,1,0.5127971447523563,0.0992287452521502,0.8999999761581421,1.7550799285217873,
265,37,Responsive,Numpad,25391,2,1,0.5865348006486892,0.09538608028881262,0.8999999761581421,1.5344357660666854,
335,41,Responsive,Numpad,26850,2,1,0.5465205399827524,0.05817193400739575,0.8986742187178496,1.644355798130132,
275,39,Responsive,Numpad,26946,2,1,0.5709214101009297,0.07276052515984913,0.8986742187178496,1.5740769269083437,
393,71,Responsive,Numpad,32531,2,1,0.5504692069789086,0.09893221635025563,0.8999999761581421,1.6349687952529304,
15,59,Responsive,Numpad,32559,2,1,0.5855686098619214,0.05280256837774245,0.8999999761581421,1.5369675918426782,
145,45,Responsive,Numpad,35531,2,1,0.6150270723100854,0.19143775721188927,0.8999999761581421,1.4633501786802299,
35,57,Responsive,Numpad,37301,2,1,0.8856064118548688,0.5086030981281023,0.8999999761581421,1.0162527778825885,
413,49,Responsive,Numpad,39941,2,1,0.5054472229014938,0.05394039809579942,0.8999999761581421,1.7806012880864959,
295,63,Responsive,Numpad,55181,2,1,0.5464689687488201,0.07414131331946132,0.8999999761581421,1.6469370222773245,
285,55,Responsive,Numpad,57361,2,1,0.5749220618379676,0.09562452566485849,0.8999999761581421,1.5654295354068226,
105,67,Responsive,Numpad,60581,2,1,0.5565460323771804,0.16492948304984315,0.8999999761581421,1.6171168668905314,
245,53,Responsive,Numpad,62351,2,2,0.47250917385302843,0.08109129849555842,0.8994176134888622,1.90349238334285,
225,65,Responsive,Numpad,139502,2,1,0.6942528198570107,0.3591181482729782,0.8999999761581421,1.2963576818362903,
215,31,Responsive,Numpad,188328,2,4,0.6581507297739324,0.10949033158091913,0.8999999761581421,1.3674678693546116,
185,43,Responsive,Numpad,252774,2,3,0.5326339254271201,0.19433202962112056,0.8999999761581421,1.6897158314435765,
205,36,Static,Numpad,12390,2,1,0.5840955330098397,0.05107602163804052,0.8999999761581421,1.540843792316728,
175,44,Static,Numpad,12700,2,1,0.5131734887700511,0.10721790391725712,0.8999999761581421,1.7537928124759867,
25,68,Static,Numpad,13641,2,1,0.5990354589361042,0.039351037195838774,0.8999999761581421,1.5024151955153962,
365,70,Static,Numpad,15810,2,1,0.6071128535103022,0.0631620637194749,0.8999999761581421,1.482426160069546,
255,30,Static,Numpad,16270,2,1,0.5226250043876236,0.1976768177830029,0.8999999761581421,1.7220759982823646,
115,60,Static,Numpad,17025,2,1,0.5451521655178986,0.008675534787153771,0.8999999761581421,1.6509151629309506,
195,38,Static,Numpad,18389,2,1,0.594434170404283,0.04497114385148314,0.8999999761581421,1.5140448193717388,
75,56,Static,Numpad,19640,2,1,0.500318873845968,0.10077017593439591,0.8999999761581421,1.7988527381344064,
375,84,Static,Numpad,19761,2,1,0.5394079905596407,0.06121902356717098,0.8999999761581421,1.6684958174690439,
165,86,Static,Numpad,23550,2,1,0.5767741920554635,0.015384630497012766,0.8999999761581421,1.5604026472661534,
325,79,Static,Numpad,25611,2,1,0.5172204552705172,0.05256449472535585,0.8999999761581421,1.7400703452214068,
125,34,Static,Numpad,26190,2,1,0.44977177164755194,0.15127474174464706,0.8999999761581421,2.001014809936529,
315,46,Static,Numpad,28179,2,1,0.5404897557630537,0.08398242412847912,0.8999999761581421,1.6651564003975217,
45,32,Static,Numpad,28430,2,1,0.5176258556753436,0.0636002672794326,0.8999999761581421,1.7387075361293867,
403,82,Static,Numpad,30061,2,1,0.4528001473657111,0.11438423641162525,0.8999999761581421,1.9876318092963055,
443,78,Static,Numpad,33190,2,1,0.598334236707319,0.05856881946943778,0.8999999761581421,1.504175962102576,
423,40,Static,Numpad,34691,2,1,0.565186933378669,0.10060030979364307,0.8999999761581421,1.5923934595903901,
95,58,Static,Numpad,38590,2,1,0.5087103265452092,0.07330971050530204,0.8999999761581421,1.769179686738989,
305,64,Static,Numpad,46290,2,1,0.970470538873347,0.015374546531533546,0.8999999761581421,0.9273851601955722,
235,54,Static,Numpad,53311,2,1,0.5208179344706315,0.04941205796146864,0.8999999761581421,1.7280510454635511,
155,80,Static,Numpad,55491,2,2,0.5393368202202514,0.054465065224219365,0.8999999761581421,1.6687159904836555,
355,48,Static,Numpad,115303,2,1,0.5950211191210981,0.13364740169468986,0.8999999761581421,1.5125513149642928,
6,61,Responsive,Weather,10441,1,2,0.7319696629890288,0.11662331237250384,0.30000001192092896,0.4098530678113986,
136,33,Responsive,Weather,11961,1,2,0.7750892688830694,0.34757487817194765,0.30000001192092896,0.3870522067132208,
434,47,Responsive,Weather,12004,1,2,0.6982296026986221,0.2811789147778529,0.30517242540573253,0.4370660084107814,
276,39,Responsive,Weather,12670,1,2,0.7417578369379043,0.17581263283620352,0.30000001192092896,0.4044446812444574,
16,59,Responsive,Weather,12930,1,2,0.6720345756871914,0.04410652157084115,0.30000001192092896,0.44640562074378815,
336,41,Responsive,Weather,15310,1,2,0.8314157051294029,0.11169293782705372,0.30000001192092896,0.3608303404302863,
146,45,Responsive,Weather,15790,1,2,0.7792667856341914,0.23421549073945694,0.30000001192092896,0.3849772856375236,
106,67,Responsive,Weather,16354,1,2,0.8875950346519421,0.4041391906605758,0.30000001192092896,0.33799198982514556,
66,69,Responsive,Weather,17451,1,2,0.7116932577946606,0.11017978852078124,0.30000001192092896,0.4215299339079669,
86,51,Responsive,Weather,18460,1,2,0.6523988434689583,0.2179323506972642,0.30000001192092896,0.45984142204446327,
394,71,Responsive,Weather,19260,1,4,0.7308871182235511,0.17707935054742446,0.30000001192092896,0.4104601168099533,
286,55,Responsive,Weather,24041,1,2,0.6949826940308492,0.2320867070860017,0.30000001192092896,0.43166544217230884,
36,57,Responsive,Weather,24251,1,2,0.8011826407728773,0.44994964027365986,0.30000001192092896,0.37444647032233225,
226,65,Responsive,Weather,24790,1,2,0.6076402967577582,0.21152872172620046,0.30000001192092896,0.4937131614240635,
414,49,Responsive,Weather,29941,1,2,0.4654873502881903,0.1290834233686209,0.30000001192092896,0.6444858528060846,
296,63,Responsive,Weather,31029,1,8,0.5709976792935557,0.1327639278573188,0.30000001192092896,0.5253962017710687,
56,35,Responsive,Weather,47031,1,2,0.5258110232989897,0.08655657272597685,0.30000001192092896,0.5705472092210992,
186,43,Responsive,Weather,62186,1,17,0.5927481323379238,0.09445101446863835,0.30000001192092896,0.5061171778604608,
216,31,Responsive,Weather,104111,1,20,0.7193034552424961,0.0591762930382011,0.30000001192092896,0.41707016660971147,
346,83,Responsive,Weather,104122,1,22,0.6241502979710343,0.08322382082926047,0.30000001192092896,0.4806534786511492,
246,53,Responsive,Weather,211203,1,23,0.7902759432402027,0.19598966341034432,0.30000001192092896,0.3796142530808945,
266,37,Responsive,Weather,407932,1,51,0.7268964452266693,0.18720633985509777,0.30000001192092896,0.41271354935210813,
46,32,Static,Weather,10301,1,2,0.6199546891705596,0.1742331673797476,0.30000001192092896,0.48390635180500113,
326,79,Static,Weather,12171,1,2,0.5955105461323974,0.12080441379084698,0.30000001192092896,0.5037694359391433,
316,46,Static,Weather,14455,1,2,0.613819827255975,0.161806944601549,0.30000001192092896,0.48874278509713737,
256,30,Static,Weather,16911,1,2,0.5632728260474608,0.25381213349111204,0.30000001192092896,0.532601606269661,
206,36,Static,Weather,17079,1,8,0.5824982105329242,0.04968185853665288,0.30000001192092896,0.5150230618673673,
404,82,Static,Weather,17190,1,2,0.6104310496944333,0.2767944340712414,0.30000001192092896,0.49145601632010943,
236,54,Static,Weather,18700,1,2,0.6298251568130279,0.13281932746734618,0.30000001192092896,0.47632268840920244,
366,70,Static,Weather,18979,1,2,0.595812042444998,0.08609148036152298,0.30000001192092896,0.5035145155674212,
96,58,Static,Weather,20411,1,6,0.5872636444997725,0.23846527710041762,0.30000001192092896,0.5108438343334996,
196,38,Static,Weather,20441,1,4,0.6248089067360736,0.07111748675697518,0.30000001192092896,0.48014682359138067,
376,84,Static,Weather,24120,1,8,0.5786440069574664,0.11899812299373642,0.30000001192092896,0.5184535021771696,
126,34,Static,Weather,24811,1,8,0.5510833165945229,0.21951312153683297,0.30000001192092896,0.5443823154996063,
116,60,Static,Weather,25040,1,2,0.5611281223662753,0.03154660285837691,0.30000001192092896,0.534637277946131,
444,78,Static,Weather,25270,1,3,0.5474877369464248,0.11410918739056135,0.30000001192092896,0.547957500553635,
424,40,Static,Weather,29206,1,2,0.651154225641507,0.1958273798884574,0.30000001192092896,0.46072036409711326,
306,64,Static,Weather,31891,1,2,0.4790089851840375,0.0870990305914485,0.30000001192092896,0.6262930784182839,
26,68,Static,Weather,32110,1,2,0.5290184809785997,0.12952679792755292,0.30000001192092896,0.5670879613997167,
156,80,Static,Weather,44050,1,6,0.5822855059975731,0.16302301791711335,0.30000001192092896,0.5152111959355198,
166,86,Static,Weather,44681,1,2,0.5937609681520387,0.09708008867164884,0.30000001192092896,0.5052538445809573,
176,44,Static,Weather,48730,1,24,0.47740508139912174,0.13643153335623456,0.30000001192092896,0.6283971905823138,
356,48,Static,Weather,63291,1,15,0.5377246755737175,0.23700925518119215,0.30000001192092896,0.5579063516117209,
277,39,Responsive,Weather,21271,2,11,0.5864572621022279,0.10769423935525957,0.4300000071525574,0.7332162715679735,
187,43,Responsive,Weather,21707,2,11,0.5763115811515862,0.15142955703480243,0.4300000071525574,0.7461241821539158,
297,63,Responsive,Weather,29651,2,11,0.6520692535213657,0.10362129716688985,0.4300000071525574,0.6594391697360839,
435,47,Responsive,Weather,31811,2,16,0.5654591921887366,0.1859374609607185,0.4300000071525574,0.7604439243230725,
7,61,Responsive,Weather,32661,2,17,0.5999815242845308,0.09518197078075398,0.4300000071525574,0.7166887474832264,
287,55,Responsive,Weather,34721,2,18,0.5549293558714222,0.12410845336449303,0.42960245365031996,0.7741570149513938,
87,51,Responsive,Weather,38911,2,15,0.5879609216328548,0.09208746402905944,0.4300000071525574,0.7313411339624127,
107,67,Responsive,Weather,49682,2,21,0.5249544172281947,0.1365700588233077,0.42972516572500635,0.8185951991679447,
17,59,Responsive,Weather,52891,2,19,0.5996516369949512,0.03567097979153636,0.4300000071525574,0.717083020580794,
147,45,Responsive,Weather,53470,2,19,0.7292489540432731,0.26651617110926834,0.4300000071525574,0.5896477530320071,
137,33,Responsive,Weather,54370,2,15,0.539923290945518,0.22874131158801328,0.4300000071525574,0.7964094425331011,
67,69,Responsive,Weather,56261,2,36,0.5421563303880109,0.08850298975098801,0.4300000071525574,0.793129182582475,
347,83,Responsive,Weather,60360,2,30,0.6028846718370915,0.13295101452016558,0.4300000071525574,0.713237584631692,
267,37,Responsive,Weather,62913,2,20,0.5893925905429369,0.14739562085265134,0.4300000071525574,0.7295646637777543,
227,65,Responsive,Weather,69891,2,30,0.6273069369447667,0.0699497497753087,0.4300000071525574,0.6854698742003839,
37,57,Responsive,Weather,71931,2,43,0.5672971229435819,0.23857035197406537,0.4300000071525574,0.7579802360381813,
337,41,Responsive,Weather,72041,2,25,0.6330112926716994,0.06216878490063451,0.42980798352592275,0.6789894406336213,
247,53,Responsive,Weather,75810,2,31,0.592941706108842,0.06462759342571661,0.42981376074105077,0.724883671215654,
415,49,Responsive,Weather,82331,2,21,0.6547420937015165,0.15679816772518052,0.4300000071525574,0.6567471547790626,
395,71,Responsive,Weather,83161,2,27,0.5811306862640626,0.0991373497202932,0.4300000071525574,0.7399368460765944,
57,35,Responsive,Weather,106545,2,35,0.5428467563177385,0.03125367496793578,0.4300000071525574,0.7921204320522277,
217,31,Responsive,Weather,156492,2,24,0.7591247431689424,0.12341233704526941,0.4300000071525574,0.5664418279366522,
207,36,Static,Weather,17010,2,11,0.5981258085211179,0.05530252855850263,0.4300000071525574,0.7189123107992011,
97,58,Static,Weather,20410,2,14,0.5954585414175132,0.10569911071610405,0.4300000071525574,0.7221325705210726,
357,48,Static,Weather,20420,2,11,0.6537085215354188,0.3291612902872826,0.4300000071525574,0.6577855312985382,
445,78,Static,Weather,21971,2,11,0.5874420170173636,0.08411065818822736,0.4300000071525574,0.7319871488522541,
197,38,Static,Weather,27605,2,13,0.6564001539089243,0.132153526890763,0.4300000071525574,0.6550882180509361,
367,70,Static,Weather,27606,2,17,0.6299972956598171,0.045228702261845624,0.4300000071525574,0.68254262377778,
117,60,Static,Weather,28260,2,11,0.5328431029117561,0.10996118443113416,0.4300000071525574,0.806991785767319,
167,86,Static,Weather,30271,2,11,0.6711053592427751,0.019759960310235254,0.4300000071525574,0.6407339789950971,
177,44,Static,Weather,34135,2,20,0.5891240184053578,0.10309181178958371,0.4300000071525574,0.7298972605402889,
307,64,Static,Weather,34161,2,21,0.5264551010277647,0.044973655125043824,0.4300000071525574,0.8167838174862315,
27,68,Static,Weather,38637,2,17,0.6247745200142513,0.0354797701989414,0.4300000071525574,0.688248309394482,
47,32,Static,Weather,39901,2,21,0.5207715459239106,0.08373429910552797,0.4300000071525574,0.8256979677906293,
377,84,Static,Weather,41431,2,26,0.6106796290457545,0.12447317505748845,0.4300000071525574,0.7041335369651575,
257,30,Static,Weather,41520,2,21,0.5658012844229873,0.14886846044588062,0.4300000071525574,0.7599841481291049,
327,79,Static,Weather,42891,2,21,0.5515413553541328,0.09449702022919915,0.4300000071525574,0.7796333003469225,
127,34,Static,Weather,50511,2,23,0.5343656185765163,0.19045662200565047,0.4300000071525574,0.8046925030431861,
157,80,Static,Weather,56391,2,33,0.5992111338401108,0.1356025771166693,0.4300000071525574,0.7176101758938536,
237,54,Static,Weather,73541,2,25,0.5549737817191929,0.09716787847364221,0.4300000071525574,0.7748113898651341,
405,82,Static,Weather,88032,2,53,0.5275627720062542,0.1101789493805097,0.4300000071525574,0.8150688979006648,
317,46,Static,Weather,140092,2,37,0.6855196306879944,0.17422336699434515,0.4300000071525574,0.627261405659536,
425,40,Static,Weather,329769,2,51,0.6142788418528035,0.13222862061294077,0.4300000071525574,0.7000078431084822,
218,31,Responsive,Weather,9130,3,3,0.6500871109675213,0.015446160179716784,0.7699999809265137,1.184456618099268,
268,37,Responsive,Weather,9450,3,3,0.6228952271392546,0.08829302934901692,0.7699999809265137,1.2361629169368675,
8,61,Responsive,Weather,10151,3,3,0.717858621979704,0.11262185863312889,0.7699999809265137,1.0726345792198118,
416,49,Responsive,Weather,12971,3,3,0.5625493211335824,0.11953276415218186,0.7672130958955796,1.3638148106722148,
338,41,Responsive,Weather,13631,3,3,0.6256478850658124,0.023185827801549985,0.7699999809265137,1.230724180975241,
248,53,Responsive,Weather,14100,3,3,0.6887326772264439,0.0945973254670179,0.7699999809265137,1.1179954231696057,
58,35,Responsive,Weather,14430,3,3,0.6330616135969229,0.015042317261029935,0.7699999809265137,1.2163112790104833,
436,47,Responsive,Weather,16460,3,7,0.6813239055343822,0.2625921799582371,0.7699999809265137,1.1301525965430206,
298,63,Responsive,Weather,19061,3,7,0.5879191328360381,0.20994494744830733,0.7699999809265137,1.3097038996028985,
38,57,Responsive,Weather,19859,3,3,0.6341911843189827,0.3976744086839759,0.7699999809265137,1.2141448824353611,
108,67,Responsive,Weather,21510,3,3,0.5532393186574891,0.2733548444614291,0.7699999809265137,1.3918027062773195,
348,83,Responsive,Weather,21890,3,6,0.6853880198645931,0.1505161063229809,0.7699999809265137,1.1234511818263715,
68,69,Responsive,Weather,23060,3,3,0.6398709685011295,0.1804639735527009,0.7699999809265137,1.2033675832022914,
188,43,Responsive,Weather,28389,3,8,0.6250108987956807,0.17989933565513477,0.7699999809265137,1.2319784861515362,
148,45,Responsive,Weather,33961,3,5,0.7691503891051716,0.1855344601425932,0.7699999809265137,1.001104584790408,
18,59,Responsive,Weather,35611,3,10,0.6379566734803314,0.050693084430483655,0.7699999809265137,1.20697848762335,
138,33,Responsive,Weather,55250,3,13,0.4887596580104791,0.275021655534736,0.7699999809265137,1.575416400078594,
88,51,Responsive,Weather,57862,3,17,0.6536613671173779,0.13209221277042862,0.7699999809265137,1.1779799444507248,
396,71,Responsive,Weather,71781,3,21,0.5681925958661891,0.09828395096970553,0.7699999809265137,1.355174260503477,
278,39,Responsive,Weather,150872,3,11,0.5961462379563103,0.14642104927757751,0.7697477554266814,1.2912062618486135,
228,65,Responsive,Weather,183784,3,110,0.5101453101246998,0.1239640432200019,0.7699999809265137,1.509373830641107,
288,55,Responsive,Weather,263695,3,68,0.830397496602426,0.3224388720794402,0.7698426463713198,0.9270772726569305,
48,32,Static,Weather,7934,3,3,0.6445912128993008,0.20388335726049522,0.7699999809265137,1.1945555035774347,
406,82,Static,Weather,8471,3,3,0.8006968961621262,0.2996197972208383,0.7699999809265137,0.9616622527416454,
258,30,Static,Weather,9360,3,3,0.7646095777244469,0.3020521460895286,0.7699999809265137,1.0070498766417615,
368,70,Static,Weather,10460,3,9,0.6175570265686777,0.08244276518131813,0.7699999809265137,1.2468483845206204,
208,36,Static,Weather,10810,3,7,0.6062417649404499,0.07867364856056666,0.7699999809265137,1.2701203141326785,
98,58,Static,Weather,10928,3,3,0.5572127807983779,0.24481701301497147,0.7699999809265137,1.3818778166273447,
378,84,Static,Weather,12941,3,3,0.9438669531848293,0.25089375078290493,0.7699999809265137,0.8157929232805031,
198,38,Static,Weather,13320,3,3,0.7476893086177648,0.12466971615514522,0.7699999809265137,1.029839496234063,
426,40,Static,Weather,14076,3,3,0.7332075173544494,0.21731475320853696,0.7699999809265137,1.0501801505047552,
168,86,Static,Weather,14160,3,3,0.6116024783189138,0.012174855635563647,0.7699999809265137,1.2589876729129361,
318,46,Static,Weather,14524,3,3,0.6222294641091226,0.15672694632117218,0.7699999809265137,1.2374855665649995,
238,54,Static,Weather,18620,3,7,0.7403139714375312,0.08146003614611634,0.7699999809265137,1.0400992155143831,
446,78,Static,Weather,28552,3,7,0.6276134673321953,0.08086059699761107,0.7699999809265137,1.2268697550413674,
328,79,Static,Weather,29811,3,13,0.5369066661968582,0.1479233292917747,0.7699999809265137,1.4341412193310172,
28,68,Static,Weather,49671,3,15,0.6510587417640425,0.03404793737860712,0.7699999809265137,1.1826889519065515,
308,64,Static,Weather,51066,3,11,0.8319071741222587,0.028443583742861878,0.7699999809265137,0.9255840133112652,
358,48,Static,Weather,57861,3,11,0.5485149052679643,0.23047722531785916,0.7699999809265137,1.4037904413014044,
178,44,Static,Weather,67541,3,14,0.4981425399648165,0.1160141857995412,0.7699999809265137,1.5457422708385802,
158,80,Static,Weather,117331,3,20,0.6688523762555543,0.14279088047767852,0.7699999809265137,1.151225604126901,
128,34,Static,Weather,150813,3,46,0.717459855392334,0.3368723297270022,0.7699999809265137,1.0732307531066652,
118,60,Static,Weather,223873,3,56,0.6826548604894044,0.14968275402466344,0.7699999809265137,1.1279491665444092,
