,hPos,aPos,unixTime,Distance
231,"{'x': -0.01775497943162918, 'y': -0.015877075493335724, 'z': 0.008833877742290497}","{'x': -0.014312457293272018, 'y': 0.013834120705723763, 'z': 0.6040394902229309}",1653088273736,0.5959566488149171
232,"{'x': -0.018494363874197006, 'y': -0.016238953918218613, 'z': 0.008122801780700684}","{'x': -0.014312457293272018, 'y': 0.013834120705723763, 'z': 0.6040394902229309}",1653088273835,0.5966896829374067
233,"{'x': -0.018851354718208313, 'y': -0.017031922936439514, 'z': 0.007158748805522919}","{'x': -0.014312457293272018, 'y': 0.013834120705723763, 'z': 0.6040394902229309}",1653088273925,0.5976955192361314
234,"{'x': -0.018990008160471916, 'y': -0.016451088711619377, 'z': 0.006579272449016571}","{'x': -0.014312457293272018, 'y': 0.013834120705723763, 'z': 0.6040394902229309}",1653088274035,0.5982455893811677
235,"{'x': -0.018528582528233528, 'y': -0.014570302329957485, 'z': 0.007398843765258789}","{'x': -0.014312457293272018, 'y': 0.013834120705723763, 'z': 0.6040394902229309}",1653088274125,0.5973312715448738
236,"{'x': -0.01848461665213108, 'y': -0.013660099357366562, 'z': 0.009337134659290314}","{'x': -0.014312457293272018, 'y': 0.013834120705723763, 'z': 0.6040394902229309}",1653088274225,0.5953521905255209
237,"{'x': -0.019267816096544266, 'y': -0.013257027603685856, 'z': 0.01147036999464035}","{'x': -0.014312457293272018, 'y': 0.013834120705723763, 'z': 0.6040394902229309}",1653088274335,0.5932087728158796
238,"{'x': -0.0203431136906147, 'y': -0.012798856943845749, 'z': 0.013472020626068115}","{'x': -0.014312457293272018, 'y': 0.013834120705723763, 'z': 0.6040394902229309}",1653088274435,0.5911984611457533
239,"{'x': -0.022066796198487282, 'y': -0.012288350611925125, 'z': 0.014599829912185669}","{'x': -0.014312457293272018, 'y': 0.013834120705723763, 'z': 0.6040394902229309}",1653088274535,0.5900691708832492
240,"{'x': -0.024918310344219208, 'y': -0.011935914866626263, 'z': 0.014903828501701355}","{'x': -0.014312457293272018, 'y': 0.013834120705723763, 'z': 0.6040394902229309}",1653088274625,0.5897943766805932
241,"{'x': -0.02701706625521183, 'y': -0.012116909958422184, 'z': 0.014816880226135254}","{'x': -0.014312457293272018, 'y': 0.013834120705723763, 'z': 0.6040394902229309}",1653088274725,0.5899306291529904
242,"{'x': -0.028363458812236786, 'y': -0.012513214722275734, 'z': 0.014421463012695312}","{'x': -0.014312457293272018, 'y': 0.013834120705723763, 'z': 0.6040394902229309}",1653088274825,0.590373636554963
243,"{'x': -0.028914939612150192, 'y': -0.013294651173055172, 'z': 0.014130830764770508}","{'x': -0.014312457293272018, 'y': 0.013834120705723763, 'z': 0.6040394902229309}",1653088274935,0.5907126452491498
244,"{'x': -0.028751252219080925, 'y': -0.014418878592550755, 'z': 0.013933457434177399}","{'x': -0.014312457293272018, 'y': 0.013834120705723763, 'z': 0.6040394902229309}",1653088275035,0.5909584086058335
245,"{'x': -0.030585486441850662, 'y': -0.01567329466342926, 'z': 0.012657791376113892}","{'x': -0.014312457293272018, 'y': 0.013834120705723763, 'z': 0.6040394902229309}",1653088275126,0.5923409598958911
246,"{'x': -0.02965843491256237, 'y': -0.016597801819443703, 'z': 0.011569425463676453}","{'x': -0.014312457293272018, 'y': 0.013834120705723763, 'z': 0.6040394902229309}",1653088275235,0.5934495585755412
247,"{'x': -0.02927735075354576, 'y': -0.01680375263094902, 'z': 0.010147333145141602}","{'x': -0.014312457293272018, 'y': 0.013834120705723763, 'z': 0.6040394902229309}",1653088275336,0.5948701720185514
248,"{'x': -0.02916422113776207, 'y': -0.01735755056142807, 'z': 0.009210951626300812}","{'x': -0.014312457293272018, 'y': 0.013834120705723763, 'z': 0.6040394902229309}",1653088275425,0.5958309202909272
249,"{'x': -0.028654491528868675, 'y': -0.01880674995481968, 'z': 0.008837588131427765}","{'x': -0.014312457293272018, 'y': 0.013834120705723763, 'z': 0.6040394902229309}",1653088275531,0.5962687520211307
250,"{'x': -0.027906633913517, 'y': -0.018885647878050804, 'z': 0.009100638329982758}","{'x': -0.014312457293272018, 'y': 0.013834120705723763, 'z': 0.6040394902229309}",1653088275625,0.5959929717587762
251,"{'x': -0.026887759566307068, 'y': -0.01871507242321968, 'z': 0.009155280888080597}","{'x': -0.014312457293272018, 'y': 0.013834120705723763, 'z': 0.6040394902229309}",1653088275725,0.5959067130990836
252,"{'x': -0.025965526700019836, 'y': -0.018312081694602966, 'z': 0.009207993745803833}","{'x': -0.014312457293272018, 'y': 0.013834120705723763, 'z': 0.6040394902229309}",1653088275830,0.595813462047124
253,"{'x': -0.025121603161096573, 'y': -0.017954306676983833, 'z': 0.009727515280246735}","{'x': -0.014312457293272018, 'y': 0.013834120705723763, 'z': 0.6040394902229309}",1653088275935,0.5952596620888494
254,"{'x': -0.02462170459330082, 'y': -0.017670536413788795, 'z': 0.010817885398864746}","{'x': -0.014312457293272018, 'y': 0.013834120705723763, 'z': 0.6040394902229309}",1653088276035,0.5941470326696513
255,"{'x': -0.0244259312748909, 'y': -0.017870455980300903, 'z': 0.011921301484107971}","{'x': -0.014312457293272018, 'y': 0.013834120705723763, 'z': 0.6040394902229309}",1653088276135,0.5930526215894852
256,"{'x': -0.0241574477404356, 'y': -0.01772352121770382, 'z': 0.013019464910030365}","{'x': -0.014312457293272018, 'y': 0.013834120705723763, 'z': 0.6040394902229309}",1653088276225,0.5919438139904273
257,"{'x': -0.02364528179168701, 'y': -0.016780227422714233, 'z': 0.014109671115875244}","{'x': -0.014312457293272018, 'y': 0.013834120705723763, 'z': 0.6040394902229309}",1653088276325,0.5907973691513282
258,"{'x': -0.022555748000741005, 'y': -0.01675630547106266, 'z': 0.015278533101081848}","{'x': -0.014312457293272018, 'y': 0.013834120705723763, 'z': 0.6040394902229309}",1653088276440,0.5896127463398336
259,"{'x': -0.02180125005543232, 'y': -0.015762725844979286, 'z': 0.01633923500776291}","{'x': -0.014312457293272018, 'y': 0.013834120705723763, 'z': 0.6040394902229309}",1653088276535,0.5884926892687402
260,"{'x': -0.020092571154236794, 'y': -0.015074177645146847, 'z': 0.018928460776805878}","{'x': -0.014312457293272018, 'y': 0.013834120705723763, 'z': 0.6040394902229309}",1653088276630,0.5858532377731585
261,"{'x': -0.017730992287397385, 'y': -0.014491758309304714, 'z': 0.022327519953250885}","{'x': -0.014312457293272018, 'y': 0.013834120705723763, 'z': 0.6040394902229309}",1653088276735,0.5824112448764303
262,"{'x': -0.014525399543344975, 'y': -0.0136106563732028, 'z': 0.026496179401874542}","{'x': -0.014312457293272018, 'y': 0.013834120705723763, 'z': 0.6040394902229309}",1653088276825,0.5781950683008816
263,"{'x': -0.012905487790703773, 'y': -0.011623983271420002, 'z': 0.030354179441928864}","{'x': -0.014312457293272018, 'y': 0.013834120705723763, 'z': 0.6040394902229309}",1653088276935,0.5742516264036064
264,"{'x': -0.01357034407556057, 'y': -0.007817973382771015, 'z': 0.03461373597383499}","{'x': -0.014312457293272018, 'y': 0.013834120705723763, 'z': 0.6040394902229309}",1653088277035,0.5698377431450086
265,"{'x': -0.015558818355202675, 'y': -0.0053914254531264305, 'z': 0.04029351472854614}","{'x': -0.014312457293272018, 'y': 0.013834120705723763, 'z': 0.6040394902229309}",1653088277135,0.5640750835900468
266,"{'x': -0.01542535237967968, 'y': -0.002388769993558526, 'z': 0.04582331329584122}","{'x': -0.014312457293272018, 'y': 0.013834120705723763, 'z': 0.6040394902229309}",1653088277235,0.5584529710738498
267,"{'x': -0.014483734965324402, 'y': -0.000804878945928067, 'z': 0.050095200538635254}","{'x': -0.014312457293272018, 'y': 0.013834120705723763, 'z': 0.6040394902229309}",1653088277335,0.5541377136783607
268,"{'x': -0.014334033243358135, 'y': 0.0008200654410757124, 'z': 0.05302603542804718}","{'x': -0.014312457293272018, 'y': 0.013834120705723763, 'z': 0.6040394902229309}",1653088277445,0.5511671193612209
269,"{'x': -0.013911217451095581, 'y': 0.001559860655106604, 'z': 0.05489524453878403}","{'x': -0.014312457293272018, 'y': 0.013834120705723763, 'z': 0.6040394902229309}",1653088277535,0.5492815498641948
270,"{'x': -0.013930972665548325, 'y': 0.0035691873636096716, 'z': 0.05813845992088318}","{'x': -0.014312457293272018, 'y': 0.013834120705723763, 'z': 0.6040394902229309}",1653088277635,0.5459976641633886
271,"{'x': -0.014273103326559067, 'y': 0.0035743587650358677, 'z': 0.06266884505748749}","{'x': -0.010693594813346863, 'y': -0.002566121518611908, 'z': 0.6039047837257385}",1653088277815,0.5412826061175556
272,"{'x': -0.010271887294948101, 'y': 0.0028353219386190176, 'z': 0.06532779335975647}","{'x': -0.010693594813346863, 'y': -0.002566121518611908, 'z': 0.6039047837257385}",1653088277915,0.5386042405888872
273,"{'x': -0.00390454288572073, 'y': 0.0015227401163429022, 'z': 0.0648665726184845}","{'x': -0.010693594813346863, 'y': -0.002566121518611908, 'z': 0.6039047837257385}",1653088278015,0.5390964691493113
274,"{'x': 0.002054260578006506, 'y': -0.003440571716055274, 'z': 0.06120456010103226}","{'x': -0.010693594813346863, 'y': -0.002566121518611908, 'z': 0.6039047837257385}",1653088278115,0.5428506288128742
275,"{'x': 0.007524068932980299, 'y': 0.0009826672030612826, 'z': 0.061114177107810974}","{'x': -0.010693594813346863, 'y': -0.002566121518611908, 'z': 0.6039047837257385}",1653088278215,0.5431078344181964
276,"{'x': 0.008070223033428192, 'y': -0.003721387591212988, 'z': 0.06453181803226471}","{'x': -0.010693594813346863, 'y': -0.002566121518611908, 'z': 0.6039047837257385}",1653088278316,0.5397004832505329
277,"{'x': 0.005435253027826548, 'y': -0.01508704386651516, 'z': 0.060307763516902924}","{'x': -0.010693594813346863, 'y': -0.002566121518611908, 'z': 0.6039047837257385}",1653088278415,0.5439803614185453
278,"{'x': 0.008554733358323574, 'y': -0.008693109266459942, 'z': 0.06597112864255905}","{'x': -0.010693594813346863, 'y': -0.002566121518611908, 'z': 0.6039047837257385}",1653088278506,0.5383127858294058
279,"{'x': 0.007223600056022406, 'y': -0.008015187457203865, 'z': 0.06787076592445374}","{'x': -0.010693594813346863, 'y': -0.002566121518611908, 'z': 0.6039047837257385}",1653088278615,0.5363610597645752
280,"{'x': 0.006702939048409462, 'y': -0.012082559056580067, 'z': 0.0699131116271019}","{'x': -0.010693594813346863, 'y': -0.002566121518611908, 'z': 0.6039047837257385}",1653088278715,0.5343597176476864
281,"{'x': 0.0036648523528128862, 'y': -0.015775324776768684, 'z': 0.07248201966285706}","{'x': -0.010693594813346863, 'y': -0.002566121518611908, 'z': 0.6039047837257385}",1653088278815,0.5317807839890152
282,"{'x': 0.002104270039126277, 'y': -0.019203372299671173, 'z': 0.07702973484992981}","{'x': -0.010693594813346863, 'y': -0.002566121518611908, 'z': 0.6039047837257385}",1653088278915,0.5272929931131456
283,"{'x': 0.0007536597549915314, 'y': -0.02134568989276886, 'z': 0.08178071677684784}","{'x': -0.010693594813346863, 'y': -0.002566121518611908, 'z': 0.6039047837257385}",1653088279016,0.5225870770624946
284,"{'x': 0.00029166252352297306, 'y': -0.017458511516451836, 'z': 0.08686665445566177}","{'x': -0.010693594813346863, 'y': -0.002566121518611908, 'z': 0.6039047837257385}",1653088279115,0.5173691972641062
285,"{'x': 0.0004902326036244631, 'y': -0.01733902283012867, 'z': 0.09172829240560532}","{'x': -0.010693594813346863, 'y': -0.002566121518611908, 'z': 0.6039047837257385}",1653088279207,0.5125115363285542
286,"{'x': 0.000945086358115077, 'y': -0.01677563227713108, 'z': 0.0936397910118103}","{'x': -0.010693594813346863, 'y': -0.002566121518611908, 'z': 0.6039047837257385}",1653088279315,0.5105954679438045
287,"{'x': 0.0024331777822226286, 'y': -0.015115165151655674, 'z': 0.09471055120229721}","{'x': -0.010693594813346863, 'y': -0.002566121518611908, 'z': 0.6039047837257385}",1653088279415,0.5095179654241999
288,"{'x': 0.004428179934620857, 'y': -0.014382577501237392, 'z': 0.09497552365064621}","{'x': -0.010693594813346863, 'y': -0.002566121518611908, 'z': 0.6039047837257385}",1653088279507,0.5092909664073166
289,"{'x': 0.0054885949939489365, 'y': -0.015990983694791794, 'z': 0.09633659571409225}","{'x': -0.010693594813346863, 'y': -0.002566121518611908, 'z': 0.6039047837257385}",1653088279615,0.5080034996659321
290,"{'x': 0.005113170947879553, 'y': -0.019504711031913757, 'z': 0.09752421081066132}","{'x': -0.010693594813346863, 'y': -0.002566121518611908, 'z': 0.6039047837257385}",1653088279715,0.5069103020104565
291,"{'x': 0.004774507600814104, 'y': -0.021304890513420105, 'z': 0.09806496649980545}","{'x': -0.010693594813346863, 'y': -0.002566121518611908, 'z': 0.6039047837257385}",1653088279815,0.5064230685374642
292,"{'x': 0.005084451287984848, 'y': -0.02182154729962349, 'z': 0.09774050116539001}","{'x': -0.010693594813346863, 'y': -0.002566121518611908, 'z': 0.6039047837257385}",1653088279916,0.5067760837890992
293,"{'x': 0.005139573011547327, 'y': -0.022245801985263824, 'z': 0.0964912697672844}","{'x': -0.010693594813346863, 'y': -0.002566121518611908, 'z': 0.6039047837257385}",1653088280016,0.5080417829020633
294,"{'x': 0.005266355350613594, 'y': -0.02207638882100582, 'z': 0.09515979886054993}","{'x': -0.010693594813346863, 'y': -0.002566121518611908, 'z': 0.6039047837257385}",1653088280116,0.5093690510473992
295,"{'x': 0.005824057385325432, 'y': -0.021883562207221985, 'z': 0.09385642409324646}","{'x': -0.010693594813346863, 'y': -0.002566121518611908, 'z': 0.6039047837257385}",1653088280216,0.5106812366953678
296,"{'x': 0.005945345852524042, 'y': -0.021793732419610023, 'z': 0.09296958148479462}","{'x': -0.010693594813346863, 'y': -0.002566121518611908, 'z': 0.6039047837257385}",1653088280315,0.511567528539915
297,"{'x': 0.005825286731123924, 'y': -0.021571025252342224, 'z': 0.09306006878614426}","{'x': -0.010693594813346863, 'y': -0.002566121518611908, 'z': 0.6039047837257385}",1653088280406,0.5114649377964475
298,"{'x': 0.005530994851142168, 'y': -0.02176470309495926, 'z': 0.09325675666332245}","{'x': -0.010693594813346863, 'y': -0.002566121518611908, 'z': 0.6039047837257385}",1653088280516,0.5112663008521711
299,"{'x': 0.00495854951441288, 'y': -0.01976209692656994, 'z': 0.09871338307857513}","{'x': -0.010693594813346863, 'y': -0.002566121518611908, 'z': 0.6039047837257385}",1653088280616,0.5057262525122963
300,"{'x': 0.004327532835304737, 'y': -0.028448015451431274, 'z': 0.09784413129091263}","{'x': -0.010693594813346863, 'y': -0.002566121518611908, 'z': 0.6039047837257385}",1653088280715,0.5069446623174452
301,"{'x': 0.0034784425515681505, 'y': -0.0324893593788147, 'z': 0.09175346046686172}","{'x': -0.010693594813346863, 'y': -0.002566121518611908, 'z': 0.6039047837257385}",1653088280816,0.5132204445683447
302,"{'x': 0.0025369201321154833, 'y': -0.026612110435962677, 'z': 0.08733826130628586}","{'x': -0.010693594813346863, 'y': -0.002566121518611908, 'z': 0.6039047837257385}",1653088280915,0.5172951074515033
303,"{'x': 0.0018720701336860657, 'y': -0.025652723386883736, 'z': 0.08265095204114914}","{'x': -0.010693594813346863, 'y': -0.002566121518611908, 'z': 0.6039047837257385}",1653088281015,0.5219161275217039
304,"{'x': 0.0028836852870881557, 'y': -0.023069700226187706, 'z': 0.0833737775683403}","{'x': -0.010693594813346863, 'y': -0.002566121518611908, 'z': 0.6039047837257385}",1653088281115,0.5211115692881677
305,"{'x': 0.0027514523826539516, 'y': -0.026126651093363762, 'z': 0.08336175233125687}","{'x': -0.010693594813346863, 'y': -0.002566121518611908, 'z': 0.6039047837257385}",1653088281215,0.52124937926227
306,"{'x': 0.0032000597566366196, 'y': -0.025762515142560005, 'z': 0.08179756253957748}","{'x': -0.010693594813346863, 'y': -0.002566121518611908, 'z': 0.6039047837257385}",1653088281305,0.5228069019525298
307,"{'x': 0.0021000413689762354, 'y': -0.025570038706064224, 'z': 0.0806964784860611}","{'x': -0.010693594813346863, 'y': -0.002566121518611908, 'z': 0.6039047837257385}",1653088281409,0.5238700105985342
308,"{'x': 0.0021202063653618097, 'y': -0.026614585891366005, 'z': 0.0798577070236206}","{'x': -0.010693594813346863, 'y': -0.002566121518611908, 'z': 0.6039047837257385}",1653088281515,0.5247550483219485
309,"{'x': 0.003410157049074769, 'y': -0.028576789423823357, 'z': 0.08008768409490585}","{'x': -0.010693594813346863, 'y': -0.002566121518611908, 'z': 0.6039047837257385}",1653088281615,0.524652098563543
310,"{'x': 0.004543251357972622, 'y': -0.02943912148475647, 'z': 0.08116714656352997}","{'x': -0.010693594813346863, 'y': -0.002566121518611908, 'z': 0.6039047837257385}",1653088281715,0.5236496509254615
311,"{'x': 0.004528325982391834, 'y': -0.027656396850943565, 'z': 0.08085554838180542}","{'x': -0.010693594813346863, 'y': -0.002566121518611908, 'z': 0.6039047837257385}",1653088281805,0.5238718654240148
312,"{'x': 0.0008850314188748598, 'y': -0.026352906599640846, 'z': 0.07946170121431351}","{'x': -0.010693594813346863, 'y': -0.002566121518611908, 'z': 0.6039047837257385}",1653088281916,0.5251099147073895
313,"{'x': -0.0022982582449913025, 'y': -0.023730523884296417, 'z': 0.07887830585241318}","{'x': -0.010693594813346863, 'y': -0.002566121518611908, 'z': 0.6039047837257385}",1653088282006,0.5255199483099209
314,"{'x': -0.004738983698189259, 'y': -0.021030107513070107, 'z': 0.0787016972899437}","{'x': -0.010693594813346863, 'y': -0.002566121518611908, 'z': 0.6039047837257385}",1653088282115,0.5255612791806692
315,"{'x': -0.005253461189568043, 'y': -0.019985465332865715, 'z': 0.07759927958250046}","{'x': -0.010693594813346863, 'y': -0.002566121518611908, 'z': 0.6039047837257385}",1653088282215,0.5266217924509312
316,"{'x': -0.0018010828644037247, 'y': -0.01924433372914791, 'z': 0.07752513885498047}","{'x': -0.010693594813346863, 'y': -0.002566121518611908, 'z': 0.6039047837257385}",1653088282315,0.5267188719474243
317,"{'x': -0.0006903689354658127, 'y': -0.01893734373152256, 'z': 0.07687897235155106}","{'x': -0.010693594813346863, 'y': -0.002566121518611908, 'z': 0.6039047837257385}",1653088282415,0.5273749020377525
318,"{'x': -0.0016617766814306378, 'y': -0.016983285546302795, 'z': 0.07685161381959915}","{'x': -0.010693594813346863, 'y': -0.002566121518611908, 'z': 0.6039047837257385}",1653088282505,0.5273276706806491
319,"{'x': -0.002193865831941366, 'y': -0.01884915865957737, 'z': 0.07361676543951035}","{'x': -0.010693594813346863, 'y': -0.002566121518611908, 'z': 0.6039047837257385}",1653088282615,0.530606035613266
320,"{'x': 0.0011646575294435024, 'y': -0.018300166353583336, 'z': 0.06953059136867523}","{'x': -0.010693594813346863, 'y': -0.002566121518611908, 'z': 0.6039047837257385}",1653088282715,0.5347372773360372
321,"{'x': 0.006002993788570166, 'y': -0.015497272834181786, 'z': 0.06513849645853043}","{'x': -0.010693594813346863, 'y': -0.002566121518611908, 'z': 0.6039047837257385}",1653088282815,0.5391800284144245
322,"{'x': 0.009092938154935837, 'y': -0.01504095271229744, 'z': 0.060129135847091675}","{'x': -0.010693594813346863, 'y': -0.002566121518611908, 'z': 0.6039047837257385}",1653088282916,0.5442784981294576
323,"{'x': 0.01011813897639513, 'y': -0.016424518078565598, 'z': 0.0543728768825531}","{'x': -0.010693594813346863, 'y': -0.002566121518611908, 'z': 0.6039047837257385}",1653088283016,0.550100445425429
324,"{'x': 0.00940042082220316, 'y': -0.01673474721610546, 'z': 0.05069085955619812}","{'x': -0.010693594813346863, 'y': -0.002566121518611908, 'z': 0.6039047837257385}",1653088283115,0.5537600250230955
325,"{'x': 0.006872178986668587, 'y': -0.0166315920650959, 'z': 0.0491388738155365}","{'x': -0.010693594813346863, 'y': -0.002566121518611908, 'z': 0.6039047837257385}",1653088283215,0.5552221255221929
326,"{'x': 0.006307265721261501, 'y': -0.017304206266999245, 'z': 0.04915813356637955}","{'x': -0.010693594813346863, 'y': -0.002566121518611908, 'z': 0.6039047837257385}",1653088283316,0.5552027433865921
327,"{'x': 0.007781230844557285, 'y': -0.017215043306350708, 'z': 0.04902009665966034}","{'x': -0.010693594813346863, 'y': -0.002566121518611908, 'z': 0.6039047837257385}",1653088283415,0.5553853851453536
328,"{'x': 0.009463959373533726, 'y': -0.01606694608926773, 'z': 0.047571294009685516}","{'x': -0.010693594813346863, 'y': -0.002566121518611908, 'z': 0.6039047837257385}",1653088283515,0.5568622370340139
329,"{'x': 0.010709954425692558, 'y': -0.015211750753223896, 'z': 0.0461844876408577}","{'x': -0.010693594813346863, 'y': -0.002566121518611908, 'z': 0.6039047837257385}",1653088283615,0.5582740836934618
330,"{'x': 0.010354009456932545, 'y': -0.01585346646606922, 'z': 0.04570317268371582}","{'x': -0.010693594813346863, 'y': -0.002566121518611908, 'z': 0.6039047837257385}",1653088283715,0.5587562919119395
331,"{'x': 0.008669232949614525, 'y': -0.018024932593107224, 'z': 0.04565339535474777}","{'x': -0.010693594813346863, 'y': -0.002566121518611908, 'z': 0.6039047837257385}",1653088283815,0.5588009543271681
332,"{'x': 0.005912665277719498, 'y': -0.018985750153660774, 'z': 0.04517090320587158}","{'x': -0.010693594813346863, 'y': -0.002566121518611908, 'z': 0.6039047837257385}",1653088283915,0.5592217103435041
333,"{'x': 0.0042029316537082195, 'y': -0.019279783591628075, 'z': 0.04414606839418411}","{'x': -0.010693594813346863, 'y': -0.002566121518611908, 'z': 0.6039047837257385}",1653088284015,0.5602062766430833
334,"{'x': 0.0036962428130209446, 'y': -0.019733283668756485, 'z': 0.04308883100748062}","{'x': -0.010693594813346863, 'y': -0.002566121518611908, 'z': 0.6039047837257385}",1653088284115,0.5612631394510866
335,"{'x': 0.003437744453549385, 'y': -0.019880153238773346, 'z': 0.04214166849851608}","{'x': -0.010693594813346863, 'y': -0.002566121518611908, 'z': 0.6039047837257385}",1653088284215,0.5622074955687415
336,"{'x': 0.003140377113595605, 'y': -0.0187364611774683, 'z': 0.04228212684392929}","{'x': -0.010693594813346863, 'y': -0.002566121518611908, 'z': 0.6039047837257385}",1653088284315,0.5620256821417867
337,"{'x': 0.002522875787690282, 'y': -0.018459217622876167, 'z': 0.043268926441669464}","{'x': -0.010693594813346863, 'y': -0.002566121518611908, 'z': 0.6039047837257385}",1653088284415,0.5610167823439604
338,"{'x': 0.0019087386317551136, 'y': -0.018764883279800415, 'z': 0.04433046281337738}","{'x': -0.010693594813346863, 'y': -0.002566121518611908, 'z': 0.6039047837257385}",1653088284526,0.5599505686356496
339,"{'x': 0.0014854548498988152, 'y': -0.019143981859087944, 'z': 0.04527072608470917}","{'x': -0.010693594813346863, 'y': -0.002566121518611908, 'z': 0.6039047837257385}",1653088284615,0.559012669856998
340,"{'x': 0.0017319105099886656, 'y': -0.018824737519025803, 'z': 0.045858368277549744}","{'x': -0.010693594813346863, 'y': -0.002566121518611908, 'z': 0.6039047837257385}",1653088284716,0.5584214694756655
341,"{'x': 0.002210109494626522, 'y': -0.01889902353286743, 'z': 0.0462726429104805}","{'x': -0.010693594813346863, 'y': -0.002566121518611908, 'z': 0.6039047837257385}",1653088284815,0.558020495809323
342,"{'x': 0.0023886454291641712, 'y': -0.01912403479218483, 'z': 0.046758659183979034}","{'x': -0.010693594813346863, 'y': -0.002566121518611908, 'z': 0.6039047837257385}",1653088284916,0.5575456157065892
343,"{'x': 0.002952373120933771, 'y': -0.019156357273459435, 'z': 0.047513797879219055}","{'x': -0.010693594813346863, 'y': -0.002566121518611908, 'z': 0.6039047837257385}",1653088285015,0.5568055113722624
344,"{'x': 0.003199756145477295, 'y': -0.018968338146805763, 'z': 0.04798705875873566}","{'x': -0.010693594813346863, 'y': -0.002566121518611908, 'z': 0.6039047837257385}",1653088285116,0.5563331509479473
345,"{'x': 0.003242956008762121, 'y': -0.01922871544957161, 'z': 0.047870978713035583}","{'x': -0.010693594813346863, 'y': -0.002566121518611908, 'z': 0.6039047837257385}",1653088285215,0.5564579604985715
346,"{'x': 0.003511782269924879, 'y': -0.019492443650960922, 'z': 0.04732456058263779}","{'x': -0.010693594813346863, 'y': -0.002566121518611908, 'z': 0.6039047837257385}",1653088285316,0.5570187051733809
347,"{'x': 0.0038592172786593437, 'y': -0.0202367901802063, 'z': 0.04620417207479477}","{'x': -0.010693594813346863, 'y': -0.002566121518611908, 'z': 0.6039047837257385}",1653088285415,0.5581702330889474
348,"{'x': 0.0038946224376559258, 'y': -0.02017408236861229, 'z': 0.04468918591737747}","{'x': -0.010693594813346863, 'y': -0.002566121518611908, 'z': 0.6039047837257385}",1653088285515,0.5596828934316469
349,"{'x': 0.003978515975177288, 'y': -0.019394291564822197, 'z': 0.04406328499317169}","{'x': -0.010693594813346863, 'y': -0.002566121518611908, 'z': 0.6039047837257385}",1653088285615,0.5602864997884757
350,"{'x': 0.0038456448819488287, 'y': -0.01924285478889942, 'z': 0.04385077953338623}","{'x': -0.010693594813346863, 'y': -0.002566121518611908, 'z': 0.6039047837257385}",1653088285715,0.5604908478604917
351,"{'x': 0.0036036521196365356, 'y': -0.01913309469819069, 'z': 0.0445450022816658}","{'x': -0.010693594813346863, 'y': -0.002566121518611908, 'z': 0.6039047837257385}",1653088285815,0.5597876748976851
352,"{'x': 0.0031821478623896837, 'y': -0.018657833337783813, 'z': 0.045419320464134216}","{'x': -0.010693594813346863, 'y': -0.002566121518611908, 'z': 0.6039047837257385}",1653088285915,0.5588895168981105
353,"{'x': 0.0029008593410253525, 'y': -0.018497709184885025, 'z': 0.04563615471124649}","{'x': -0.010693594813346863, 'y': -0.002566121518611908, 'z': 0.6039047837257385}",1653088286015,0.5586613346304217
354,"{'x': 0.0027913341764360666, 'y': -0.01810544915497303, 'z': 0.04577168822288513}","{'x': -0.010693594813346863, 'y': -0.002566121518611908, 'z': 0.6039047837257385}",1653088286116,0.5585121899375581
355,"{'x': 0.002356681739911437, 'y': -0.018134456127882004, 'z': 0.045583486557006836}","{'x': -0.010693594813346863, 'y': -0.002566121518611908, 'z': 0.6039047837257385}",1653088286215,0.5586907495500512
356,"{'x': 0.001617788802832365, 'y': -0.017966171726584435, 'z': 0.045349568128585815}","{'x': -0.010693594813346863, 'y': -0.002566121518611908, 'z': 0.6039047837257385}",1653088286316,0.5589030869334455
357,"{'x': 0.0007437902968376875, 'y': -0.017932476475834846, 'z': 0.04544224590063095}","{'x': -0.010693594813346863, 'y': -0.002566121518611908, 'z': 0.6039047837257385}",1653088286415,0.5587909669965055
358,"{'x': 0.0007846474181860685, 'y': -0.01780935376882553, 'z': 0.04538135230541229}","{'x': -0.010693594813346863, 'y': -0.002566121518611908, 'z': 0.6039047837257385}",1653088286515,0.5588492906139325
359,"{'x': 0.0005771778523921967, 'y': -0.017667388543486595, 'z': 0.04514896869659424}","{'x': -0.010693594813346863, 'y': -0.002566121518611908, 'z': 0.6039047837257385}",1653088286615,0.5590734651287992
360,"{'x': 0.0005234889686107635, 'y': -0.017560364678502083, 'z': 0.044765494763851166}","{'x': -0.010693594813346863, 'y': -0.002566121518611908, 'z': 0.6039047837257385}",1653088286715,0.5594527636515119
361,"{'x': 0.0014712319243699312, 'y': -0.017506275326013565, 'z': 0.04484982043504715}","{'x': -0.010693594813346863, 'y': -0.002566121518611908, 'z': 0.6039047837257385}",1653088286815,0.5593868457385316
362,"{'x': 0.0023344652727246284, 'y': -0.01756903901696205, 'z': 0.04500563442707062}","{'x': -0.010693594813346863, 'y': -0.002566121518611908, 'z': 0.6039047837257385}",1653088286915,0.559252248068654
363,"{'x': 0.0028242578264325857, 'y': -0.01755656860768795, 'z': 0.04496614634990692}","{'x': -0.010693594813346863, 'y': -0.002566121518611908, 'z': 0.6039047837257385}",1653088287016,0.5593030003454947
364,"{'x': 0.003641596995294094, 'y': -0.017766164615750313, 'z': 0.04416404664516449}","{'x': -0.010693594813346863, 'y': -0.002566121518611908, 'z': 0.6039047837257385}",1653088287115,0.5601305488739653
365,"{'x': 0.003894082736223936, 'y': -0.01785610057413578, 'z': 0.04279808700084686}","{'x': -0.010693594813346863, 'y': -0.002566121518611908, 'z': 0.6039047837257385}",1653088287215,0.5615045047952226
366,"{'x': 0.004355298355221748, 'y': -0.017705418169498444, 'z': 0.04163625091314316}","{'x': -0.010693594813346863, 'y': -0.002566121518611908, 'z': 0.6039047837257385}",1653088287316,0.562673591418605
367,"{'x': 0.004914342425763607, 'y': -0.017492180690169334, 'z': 0.04043344408273697}","{'x': -0.010693594813346863, 'y': -0.002566121518611908, 'z': 0.6039047837257385}",1653088287415,0.563885046393617
368,"{'x': 0.004779689013957977, 'y': -0.017046429216861725, 'z': 0.03947554528713226}","{'x': -0.010693594813346863, 'y': -0.002566121518611908, 'z': 0.6039047837257385}",1653088287517,0.564826935465919
369,"{'x': 0.004214048385620117, 'y': -0.01696515455842018, 'z': 0.03929762542247772}","{'x': -0.010693594813346863, 'y': -0.002566121518611908, 'z': 0.6039047837257385}",1653088287615,0.5649874451574235
370,"{'x': 0.0037978538312017918, 'y': -0.016859227791428566, 'z': 0.03921715170145035}","{'x': -0.010693594813346863, 'y': -0.002566121518611908, 'z': 0.6039047837257385}",1653088287716,0.5650543484762696
371,"{'x': 0.004416938871145248, 'y': -0.01606190949678421, 'z': 0.03952854871749878}","{'x': -0.010693594813346863, 'y': -0.002566121518611908, 'z': 0.6039047837257385}",1653088287815,0.5647397623361204
372,"{'x': 0.006375810131430626, 'y': -0.015812061727046967, 'z': 0.040738314390182495}","{'x': -0.010693594813346863, 'y': -0.002566121518611908, 'z': 0.6039047837257385}",1653088287916,0.5635807765538584
373,"{'x': 0.0063246614299714565, 'y': -0.013610943220555782, 'z': 0.044009819626808167}","{'x': -0.010693594813346863, 'y': -0.002566121518611908, 'z': 0.6039047837257385}",1653088288015,0.5602624206167441
374,"{'x': 0.004236859269440174, 'y': -0.012865838594734669, 'z': 0.04944866895675659}","{'x': -0.010693594813346863, 'y': -0.002566121518611908, 'z': 0.6039047837257385}",1653088288116,0.5547527249466025
375,"{'x': 0.0028474805876612663, 'y': -0.012211757712066174, 'z': 0.056032292544841766}","{'x': -0.010693594813346863, 'y': -0.002566121518611908, 'z': 0.6039047837257385}",1653088288215,0.5481246807190442
376,"{'x': 0.0010273687075823545, 'y': -0.012318748049438, 'z': 0.06122840940952301}","{'x': -0.010693594813346863, 'y': -0.002566121518611908, 'z': 0.6039047837257385}",1653088288316,0.5428905432507569
377,"{'x': -0.0013199547538533807, 'y': -0.012368883937597275, 'z': 0.06505265086889267}","{'x': -0.010693594813346863, 'y': -0.002566121518611908, 'z': 0.6039047837257385}",1653088288416,0.5390228013390341
378,"{'x': -0.0041150981560349464, 'y': -0.010800439864397049, 'z': 0.06812858581542969}","{'x': -0.010693594813346863, 'y': -0.002566121518611908, 'z': 0.6039047837257385}",1653088288515,0.5358798511458669
379,"{'x': -0.006841293536126614, 'y': -0.010131999850273132, 'z': 0.07119908928871155}","{'x': -0.010693594813346863, 'y': -0.002566121518611908, 'z': 0.6039047837257385}",1653088288615,0.5327733473304527
380,"{'x': -0.008824841119349003, 'y': -0.00932398997247219, 'z': 0.073691725730896}","{'x': -0.010693594813346863, 'y': -0.002566121518611908, 'z': 0.6039047837257385}",1653088288715,0.530259415658648
381,"{'x': -0.010006693191826344, 'y': -0.009192634373903275, 'z': 0.07510188221931458}","{'x': -0.010693594813346863, 'y': -0.002566121518611908, 'z': 0.6039047837257385}",1653088288815,0.5288448649160468
382,"{'x': -0.011702479794621468, 'y': -0.009955862537026405, 'z': 0.07566186040639877}","{'x': -0.010693594813346863, 'y': -0.002566121518611908, 'z': 0.6039047837257385}",1653088288915,0.5282955727224926
383,"{'x': -0.013099651783704758, 'y': -0.010656042024493217, 'z': 0.07548148185014725}","{'x': -0.010693594813346863, 'y': -0.002566121518611908, 'z': 0.6039047837257385}",1653088289015,0.5284907017999828
384,"{'x': -0.013430342078208923, 'y': -0.011255741119384766, 'z': 0.07554049789905548}","{'x': -0.010693594813346863, 'y': -0.002566121518611908, 'z': 0.6039047837257385}",1653088289115,0.5284428235973487
385,"{'x': -0.013925669714808464, 'y': -0.01088632270693779, 'z': 0.07515115290880203}","{'x': -0.010693594813346863, 'y': -0.002566121518611908, 'z': 0.6039047837257385}",1653088289216,0.5288289649386425
386,"{'x': -0.01439719833433628, 'y': -0.010449109598994255, 'z': 0.07567287981510162}","{'x': -0.010693594813346863, 'y': -0.002566121518611908, 'z': 0.6039047837257385}",1653088289316,0.528303702891786
387,"{'x': -0.014794396236538887, 'y': -0.010775226168334484, 'z': 0.07693297415971756}","{'x': -0.010693594813346863, 'y': -0.002566121518611908, 'z': 0.6039047837257385}",1653088289415,0.5270516995976289
388,"{'x': -0.016143441200256348, 'y': -0.011915012262761593, 'z': 0.07803136855363846}","{'x': -0.010693594813346863, 'y': -0.002566121518611908, 'z': 0.6039047837257385}",1653088289517,0.5259847444256867
389,"{'x': -0.017790300771594048, 'y': -0.012559453025460243, 'z': 0.0791061744093895}","{'x': -0.010693594813346863, 'y': -0.002566121518611908, 'z': 0.6039047837257385}",1653088289616,0.5249417208133085
390,"{'x': -0.0194610133767128, 'y': -0.01252223365008831, 'z': 0.07980390638113022}","{'x': -0.010693594813346863, 'y': -0.002566121518611908, 'z': 0.6039047837257385}",1653088289716,0.5242687492407191
391,"{'x': -0.02203764021396637, 'y': -0.012797720730304718, 'z': 0.08037306368350983}","{'x': -0.010693594813346863, 'y': -0.002566121518611908, 'z': 0.6039047837257385}",1653088289815,0.5237545559504514
392,"{'x': -0.022504035383462906, 'y': -0.013297905214130878, 'z': 0.08087535202503204}","{'x': -0.010693594813346863, 'y': -0.002566121518611908, 'z': 0.6039047837257385}",1653088289915,0.5232728199638422
393,"{'x': -0.02110532857477665, 'y': -0.01426740176975727, 'z': 0.08067084103822708}","{'x': -0.010693594813346863, 'y': -0.002566121518611908, 'z': 0.6039047837257385}",1653088290016,0.5234683208559547
394,"{'x': -0.019529098644852638, 'y': -0.014170750044286251, 'z': 0.08000455051660538}","{'x': -0.010693594813346863, 'y': -0.002566121518611908, 'z': 0.6039047837257385}",1653088290116,0.5241032225504434
395,"{'x': -0.017505206167697906, 'y': -0.014013591222465038, 'z': 0.07943795621395111}","{'x': -0.010693594813346863, 'y': -0.002566121518611908, 'z': 0.6039047837257385}",1653088290215,0.52463596500063
396,"{'x': -0.015273825265467167, 'y': -0.01511771883815527, 'z': 0.0784536749124527}","{'x': -0.010693594813346863, 'y': -0.002566121518611908, 'z': 0.6039047837257385}",1653088290317,0.5256209554987111
397,"{'x': -0.013020425103604794, 'y': -0.015845665708184242, 'z': 0.07690104842185974}","{'x': -0.010693594813346863, 'y': -0.002566121518611908, 'z': 0.6039047837257385}",1653088290415,0.5271761541053647
398,"{'x': -0.010731200687587261, 'y': -0.01743418164551258, 'z': 0.07455190271139145}","{'x': -0.010693594813346863, 'y': -0.002566121518611908, 'z': 0.6039047837257385}",1653088290525,0.529561642553847
399,"{'x': -0.008301377296447754, 'y': -0.01929457113146782, 'z': 0.07186932861804962}","{'x': -0.010693594813346863, 'y': -0.002566121518611908, 'z': 0.6039047837257385}",1653088290615,0.5323037565363818
400,"{'x': -0.006583532318472862, 'y': -0.021354444324970245, 'z': 0.06964217126369476}","{'x': -0.010693594813346863, 'y': -0.002566121518611908, 'z': 0.6039047837257385}",1653088290716,0.5346086725468974
401,"{'x': -0.005202502943575382, 'y': -0.026234550401568413, 'z': 0.06729260832071304}","{'x': -0.010693594813346863, 'y': -0.002566121518611908, 'z': 0.6039047837257385}",1653088290816,0.5371619619896998
402,"{'x': -0.0047231558710336685, 'y': -0.029961762949824333, 'z': 0.06419505923986435}","{'x': -0.010693594813346863, 'y': -0.002566121518611908, 'z': 0.6039047837257385}",1653088290917,0.5404375579243264
403,"{'x': -0.005298009142279625, 'y': -0.03138900175690651, 'z': 0.06208250671625137}","{'x': -0.010693594813346863, 'y': -0.002566121518611908, 'z': 0.6039047837257385}",1653088291016,0.5426151957268708
404,"{'x': -0.005478622391819954, 'y': -0.03206905350089073, 'z': 0.05981207638978958}","{'x': -0.010693594813346863, 'y': -0.002566121518611908, 'z': 0.6039047837257385}",1653088291116,0.5449169598288081
405,"{'x': -0.004291420802474022, 'y': -0.030502576380968094, 'z': 0.05667174607515335}","{'x': -0.010693594813346863, 'y': -0.002566121518611908, 'z': 0.6039047837257385}",1653088291215,0.5479830570725966
406,"{'x': -0.004020595457404852, 'y': -0.03064427711069584, 'z': 0.05253170430660248}","{'x': -0.010693594813346863, 'y': -0.002566121518611908, 'z': 0.6039047837257385}",1653088291316,0.5521278696552082
407,"{'x': -0.004857008345425129, 'y': -0.030436748638749123, 'z': 0.04847648739814758}","{'x': -0.010693594813346863, 'y': -0.002566121518611908, 'z': 0.6039047837257385}",1653088291416,0.5561577383791737
408,"{'x': -0.006179236341267824, 'y': -0.03090294636785984, 'z': 0.04622851312160492}","{'x': -0.010693594813346863, 'y': -0.002566121518611908, 'z': 0.6039047837257385}",1653088291531,0.5584139843072398
409,"{'x': -0.007509331218898296, 'y': -0.03102480247616768, 'z': 0.04587029665708542}","{'x': -0.010693594813346863, 'y': -0.002566121518611908, 'z': 0.6039047837257385}",1653088291636,0.5587687579083656
410,"{'x': -0.008154785260558128, 'y': -0.03064926713705063, 'z': 0.04714416712522507}","{'x': -0.010693594813346863, 'y': -0.002566121518611908, 'z': 0.6039047837257385}",1653088291726,0.557474208209811
411,"{'x': -0.008559019304811954, 'y': -0.03115697391331196, 'z': 0.049160249531269073}","{'x': -0.010693594813346863, 'y': -0.002566121518611908, 'z': 0.6039047837257385}",1653088291835,0.5554849156114827
412,"{'x': -0.009055075235664845, 'y': -0.032820042222738266, 'z': 0.05023954063653946}","{'x': -0.010693594813346863, 'y': -0.002566121518611908, 'z': 0.6039047837257385}",1653088291925,0.5544936301432145
413,"{'x': -0.010472451336681843, 'y': -0.03264731168746948, 'z': 0.050803884863853455}","{'x': -0.010693594813346863, 'y': -0.002566121518611908, 'z': 0.6039047837257385}",1653088292035,0.5539183434661082
414,"{'x': -0.011650294065475464, 'y': -0.03234289586544037, 'z': 0.051854588091373444}","{'x': -0.010693594813346863, 'y': -0.002566121518611908, 'z': 0.6039047837257385}",1653088292135,0.5528534978309368
415,"{'x': -0.012004349380731583, 'y': -0.032565582543611526, 'z': 0.05232025682926178}","{'x': -0.010693594813346863, 'y': -0.002566121518611908, 'z': 0.6039047837257385}",1653088292225,0.5524012817245597
416,"{'x': -0.010427727364003658, 'y': -0.030476583167910576, 'z': 0.05069390684366226}","{'x': -0.010693594813346863, 'y': -0.002566121518611908, 'z': 0.6039047837257385}",1653088292335,0.5539145591655931
417,"{'x': -0.007400195114314556, 'y': -0.028725607320666313, 'z': 0.047615595161914825}","{'x': -0.010693594813346863, 'y': -0.002566121518611908, 'z': 0.6039047837257385}",1653088292425,0.5569136616137217
418,"{'x': -0.004687725566327572, 'y': -0.02681703306734562, 'z': 0.04120790213346481}","{'x': -0.010693594813346863, 'y': -0.002566121518611908, 'z': 0.6039047837257385}",1653088292555,0.5632512385517018
419,"{'x': -0.005262854974716902, 'y': -0.025885866954922676, 'z': 0.03737678378820419}","{'x': -0.010693594813346863, 'y': -0.002566121518611908, 'z': 0.6039047837257385}",1653088292647,0.5670337540002642
420,"{'x': -0.005867918953299522, 'y': -0.02627727948129177, 'z': 0.03538910299539566}","{'x': -0.010693594813346863, 'y': -0.002566121518611908, 'z': 0.6039047837257385}",1653088292745,0.5690303905730542
421,"{'x': -0.004778116010129452, 'y': -0.02689048834145069, 'z': 0.03423330932855606}","{'x': -0.010693594813346863, 'y': -0.002566121518611908, 'z': 0.6039047837257385}",1653088292846,0.5702212346560439
422,"{'x': -0.002736268565058708, 'y': -0.02697509154677391, 'z': 0.03324811905622482}","{'x': -0.010693594813346863, 'y': -0.002566121518611908, 'z': 0.6039047837257385}",1653088292946,0.5712338801144337
423,"{'x': -0.0015371929621323943, 'y': -0.026313578709959984, 'z': 0.03256646543741226}","{'x': -0.010693594813346863, 'y': -0.002566121518611908, 'z': 0.6039047837257385}",1653088293045,0.5719049355989583
424,"{'x': -0.0002803327515721321, 'y': -0.02568703517317772, 'z': 0.0315280482172966}","{'x': -0.010693594813346863, 'y': -0.002566121518611908, 'z': 0.6039047837257385}",1653088293145,0.572938164225678
425,"{'x': 0.00017032818868756294, 'y': -0.024786943569779396, 'z': 0.030867263674736023}","{'x': -0.010693594813346863, 'y': -0.002566121518611908, 'z': 0.6039047837257385}",1653088293266,0.5735710846458587
426,"{'x': -0.0005840708035975695, 'y': -0.02407953515648842, 'z': 0.03198084980249405}","{'x': -0.010693594813346863, 'y': -0.002566121518611908, 'z': 0.6039047837257385}",1653088293365,0.5724176933291788
427,"{'x': -0.0009913693647831678, 'y': -0.02430286630988121, 'z': 0.034418538212776184}","{'x': -0.010693594813346863, 'y': -0.002566121518611908, 'z': 0.6039047837257385}",1653088293465,0.5699835112362686
428,"{'x': -0.0021003452129662037, 'y': -0.025146212428808212, 'z': 0.0358048677444458}","{'x': -0.010693594813346863, 'y': -0.002566121518611908, 'z': 0.6039047837257385}",1653088293576,0.5686134178703128
429,"{'x': -0.0034831904340535402, 'y': -0.024564914405345917, 'z': 0.03580058366060257}","{'x': -0.010693594813346863, 'y': -0.002566121518611908, 'z': 0.6039047837257385}",1653088293686,0.5685756932471123
430,"{'x': -0.004712511785328388, 'y': -0.02413136325776577, 'z': 0.03577640652656555}","{'x': -0.010693594813346863, 'y': -0.002566121518611908, 'z': 0.6039047837257385}",1653088293786,0.5685689808496608
431,"{'x': -0.006110840942710638, 'y': -0.025001930072903633, 'z': 0.0350467786192894}","{'x': -0.010693594813346863, 'y': -0.002566121518611908, 'z': 0.6039047837257385}",1653088293875,0.5693187131231614
432,"{'x': -0.0070755938068032265, 'y': -0.024998914450407028, 'z': 0.03418856859207153}","{'x': -0.010693594813346863, 'y': -0.002566121518611908, 'z': 0.6039047837257385}",1653088293976,0.5701691730672879
433,"{'x': -0.007954270578920841, 'y': -0.024211406707763672, 'z': 0.03381800651550293}","{'x': -0.010693594813346863, 'y': -0.002566121518611908, 'z': 0.6039047837257385}",1653088294076,0.5705041242779353
434,"{'x': -0.009028937667608261, 'y': -0.023236284032464027, 'z': 0.03396490216255188}","{'x': -0.010693594813346863, 'y': -0.002566121518611908, 'z': 0.6039047837257385}",1653088294175,0.5703170129831489
435,"{'x': -0.010870005004107952, 'y': -0.021904826164245605, 'z': 0.034077852964401245}","{'x': -0.010693594813346863, 'y': -0.002566121518611908, 'z': 0.6039047837257385}",1653088294281,0.5701550207082389
436,"{'x': -0.01547960378229618, 'y': -0.019644426181912422, 'z': 0.03447914123535156}","{'x': -0.010693594813346863, 'y': -0.002566121518611908, 'z': 0.6039047837257385}",1653088294386,0.5697017962913697
437,"{'x': -0.016264379024505615, 'y': -0.0194215290248394, 'z': 0.0379929393529892}","{'x': -0.010693594813346863, 'y': -0.002566121518611908, 'z': 0.6039047837257385}",1653088294476,0.5661902100887078
438,"{'x': -0.013074042275547981, 'y': -0.02227024734020233, 'z': 0.04051126539707184}","{'x': -0.010693594813346863, 'y': -0.002566121518611908, 'z': 0.6039047837257385}",1653088294586,0.5637430049226926
439,"{'x': -0.010151058435440063, 'y': -0.023073380813002586, 'z': 0.041995368897914886}","{'x': -0.010693594813346863, 'y': -0.002566121518611908, 'z': 0.6039047837257385}",1653088294676,0.5622837651058724
440,"{'x': -0.00886337086558342, 'y': -0.022662397474050522, 'z': 0.04239998757839203}","{'x': -0.010693594813346863, 'y': -0.002566121518611908, 'z': 0.6039047837257385}",1653088294781,0.5618672851514397
441,"{'x': -0.008677287958562374, 'y': -0.022689832374453545, 'z': 0.042375348508358}","{'x': -0.010693594813346863, 'y': -0.002566121518611908, 'z': 0.6039047837257385}",1653088294875,0.5618935271450389
442,"{'x': -0.008224805817008018, 'y': -0.02361314930021763, 'z': 0.04136461764574051}","{'x': -0.010693594813346863, 'y': -0.002566121518611908, 'z': 0.6039047837257385}",1653088294976,0.5629391714482657
443,"{'x': -0.007622035685926676, 'y': -0.023372910916805267, 'z': 0.040267542004585266}","{'x': -0.010693594813346863, 'y': -0.002566121518611908, 'z': 0.6039047837257385}",1653088295086,0.564029518035682
444,"{'x': -0.006594495847821236, 'y': -0.023540886119008064, 'z': 0.0398947075009346}","{'x': -0.010693594813346863, 'y': -0.002566121518611908, 'z': 0.6039047837257385}",1653088295186,0.5644148380805384
445,"{'x': -0.008024947717785835, 'y': -0.023945078253746033, 'z': 0.0390685573220253}","{'x': -0.010693594813346863, 'y': -0.002566121518611908, 'z': 0.6039047837257385}",1653088295275,0.5652469762204749
446,"{'x': -0.007099667564034462, 'y': -0.02331133745610714, 'z': 0.04143492132425308}","{'x': -0.010693594813346863, 'y': -0.002566121518611908, 'z': 0.6039047837257385}",1653088295385,0.5628637725127748
447,"{'x': -0.006952831521630287, 'y': -0.022905880585312843, 'z': 0.04510059207677841}","{'x': -0.010693594813346863, 'y': -0.002566121518611908, 'z': 0.6039047837257385}",1653088295475,0.5591867520903404
448,"{'x': -0.008777342736721039, 'y': -0.022643787786364555, 'z': 0.04986032098531723}","{'x': -0.010693594813346863, 'y': -0.002566121518611908, 'z': 0.6039047837257385}",1653088295596,0.5544114459479552
449,"{'x': -0.012390421703457832, 'y': -0.022105451673269272, 'z': 0.055058978497982025}","{'x': -0.010693594813346863, 'y': -0.002566121518611908, 'z': 0.6039047837257385}",1653088295675,0.5491961239488969
450,"{'x': -0.014211254194378853, 'y': -0.021776188164949417, 'z': 0.06098208576440811}","{'x': -0.010693594813346863, 'y': -0.002566121518611908, 'z': 0.6039047837257385}",1653088295776,0.5432738320126304
451,"{'x': -0.014612818136811256, 'y': -0.021448638290166855, 'z': 0.06700831651687622}","{'x': -0.010693594813346863, 'y': -0.002566121518611908, 'z': 0.6039047837257385}",1653088295880,0.5372427070258322
452,"{'x': -0.014836521819233894, 'y': -0.020102977752685547, 'z': 0.07244623452425003}","{'x': -0.010693594813346863, 'y': -0.002566121518611908, 'z': 0.6039047837257385}",1653088295976,0.5317639463992474
453,"{'x': -0.017821375280618668, 'y': -0.01633310131728649, 'z': 0.07847869396209717}","{'x': -0.010693594813346863, 'y': -0.002566121518611908, 'z': 0.6039047837257385}",1653088296076,0.5256547448577601
454,"{'x': -0.022475000470876694, 'y': -0.015008757822215557, 'z': 0.08513198792934418}","{'x': -0.010693594813346863, 'y': -0.002566121518611908, 'z': 0.6039047837257385}",1653088296176,0.519055714134676
455,"{'x': -0.027202488854527473, 'y': -0.014724819920957088, 'z': 0.090033158659935}","{'x': -0.010693594813346863, 'y': -0.002566121518611908, 'z': 0.6039047837257385}",1653088296276,0.5142804921218302
456,"{'x': -0.028237586840987206, 'y': -0.013832609169185162, 'z': 0.09535948187112808}","{'x': -0.010693594813346863, 'y': -0.002566121518611908, 'z': 0.6039047837257385}",1653088296376,0.5089725429123296
457,"{'x': -0.023647505789995193, 'y': -0.014437371864914894, 'z': 0.09962093830108643}","{'x': -0.010693594813346863, 'y': -0.002566121518611908, 'z': 0.6039047837257385}",1653088296476,0.5045898603327755
458,"{'x': -0.018564410507678986, 'y': -0.015334065072238445, 'z': 0.10081101953983307}","{'x': -0.010693594813346863, 'y': -0.002566121518611908, 'z': 0.6039047837257385}",1653088296595,0.5033173011977893
459,"{'x': -0.012410596013069153, 'y': -0.01715143956243992, 'z': 0.10185147821903229}","{'x': -0.010693594813346863, 'y': -0.002566121518611908, 'z': 0.6039047837257385}",1653088296696,0.5022680570828385
460,"{'x': -0.012645271606743336, 'y': -0.012925852090120316, 'z': 0.11021311581134796}","{'x': -0.010693594813346863, 'y': -0.002566121518611908, 'z': 0.6039047837257385}",1653088296796,0.4938042081917822
461,"{'x': -0.0205483790487051, 'y': -0.016320081427693367, 'z': 0.1183638647198677}","{'x': -0.010693594813346863, 'y': -0.002566121518611908, 'z': 0.6039047837257385}",1653088296896,0.4858356432113351
462,"{'x': -0.029381481930613518, 'y': -0.014069953933358192, 'z': 0.12831924855709076}","{'x': -0.010693594813346863, 'y': -0.002566121518611908, 'z': 0.6039047837257385}",1653088296996,0.47609156319639123
463,"{'x': -0.030271943658590317, 'y': -0.01289852149784565, 'z': 0.14074110984802246}","{'x': -0.010693594813346863, 'y': -0.002566121518611908, 'z': 0.6039047837257385}",1653088297095,0.46369241856293086
464,"{'x': -0.03319960832595825, 'y': -0.011690852232277393, 'z': 0.15001577138900757}","{'x': -0.010693594813346863, 'y': -0.002566121518611908, 'z': 0.6039047837257385}",1653088297196,0.45453824577788815
465,"{'x': -0.037080734968185425, 'y': -0.011289432644844055, 'z': 0.15841761231422424}","{'x': -0.010693594813346863, 'y': -0.002566121518611908, 'z': 0.6039047837257385}",1653088297296,0.4463532202357098
466,"{'x': -0.04172463342547417, 'y': -0.007791626267135143, 'z': 0.1661953628063202}","{'x': -0.010693594813346863, 'y': -0.002566121518611908, 'z': 0.6039047837257385}",1653088297395,0.4388391145042072
467,"{'x': -0.04384103789925575, 'y': -0.006035068072378635, 'z': 0.17156505584716797}","{'x': -0.010693594813346863, 'y': -0.002566121518611908, 'z': 0.6039047837257385}",1653088297496,0.4336224473841765
468,"{'x': -0.04365432262420654, 'y': -0.0037085269577801228, 'z': 0.1717754304409027}","{'x': -0.010693594813346863, 'y': -0.002566121518611908, 'z': 0.6039047837257385}",1653088297616,0.4333860780394076
469,"{'x': -0.04312486946582794, 'y': -0.001738090650178492, 'z': 0.16881325840950012}","{'x': -0.010693594813346863, 'y': -0.002566121518611908, 'z': 0.6039047837257385}",1653088297716,0.4362993337293958
470,"{'x': -0.0453617088496685, 'y': -0.002927064662799239, 'z': 0.16287150979042053}","{'x': -0.010693594813346863, 'y': -0.002566121518611908, 'z': 0.6039047837257385}",1653088297816,0.4423938936387956
471,"{'x': -0.04699049890041351, 'y': -0.0037697316147387028, 'z': 0.15554004907608032}","{'x': -0.010693594813346863, 'y': -0.002566121518611908, 'z': 0.6039047837257385}",1653088297916,0.44983313484116266
472,"{'x': -0.04606102034449577, 'y': -0.004055880010128021, 'z': 0.14747893810272217}","{'x': -0.010693594813346863, 'y': -0.002566121518611908, 'z': 0.6039047837257385}",1653088298015,0.4577964905083371
473,"{'x': -0.045224905014038086, 'y': -0.0038130569737404585, 'z': 0.13990923762321472}","{'x': -0.010693594813346863, 'y': -0.002566121518611908, 'z': 0.6039047837257385}",1653088298116,0.46528038109852093
474,"{'x': -0.045434046536684036, 'y': -0.0029706370551139116, 'z': 0.13444505631923676}","{'x': -0.010693594813346863, 'y': -0.002566121518611908, 'z': 0.6039047837257385}",1653088298215,0.470743558931344
475,"{'x': -0.04322940483689308, 'y': -0.003984848037362099, 'z': 0.1293448507785797}","{'x': -0.010693594813346863, 'y': -0.002566121518611908, 'z': 0.6039047837257385}",1653088298315,0.4756760680101903
476,"{'x': -0.0407346710562706, 'y': -0.004944899585098028, 'z': 0.1250401735305786}","{'x': -0.010693594813346863, 'y': -0.002566121518611908, 'z': 0.6039047837257385}",1653088298416,0.4798118795364337
477,"{'x': -0.03739836812019348, 'y': -0.004353166092187166, 'z': 0.12103106826543808}","{'x': -0.010693594813346863, 'y': -0.002566121518611908, 'z': 0.6039047837257385}",1653088298516,0.48361489175594374
478,"{'x': -0.031879499554634094, 'y': -0.005651091691106558, 'z': 0.1159733459353447}","{'x': -0.010693594813346863, 'y': -0.002566121518611908, 'z': 0.6039047837257385}",1653088298645,0.4884009086650772
479,"{'x': -0.02635035291314125, 'y': -0.007238069083541632, 'z': 0.10830281674861908}","{'x': -0.010693594813346863, 'y': -0.002566121518611908, 'z': 0.6039047837257385}",1653088298745,0.495871224048981
480,"{'x': -0.0251097921282053, 'y': -0.006582990754395723, 'z': 0.10075896978378296}","{'x': -0.010693594813346863, 'y': -0.002566121518611908, 'z': 0.6039047837257385}",1653088298845,0.5033683264477328
481,"{'x': -0.024307023733854294, 'y': -0.007691952399909496, 'z': 0.09411436319351196}","{'x': -0.010693594813346863, 'y': -0.002566121518611908, 'z': 0.6039047837257385}",1653088298946,0.5099979141679128
482,"{'x': -0.021059658378362656, 'y': -0.010008243843913078, 'z': 0.08816729485988617}","{'x': -0.010693594813346863, 'y': -0.002566121518611908, 'z': 0.6039047837257385}",1653088299045,0.5158953361682909
483,"{'x': -0.014981284737586975, 'y': -0.0175345279276371, 'z': 0.08507039397954941}","{'x': -0.010693594813346863, 'y': -0.002566121518611908, 'z': 0.6039047837257385}",1653088299146,0.5190679738325344
484,"{'x': -0.009167501702904701, 'y': -0.02068796008825302, 'z': 0.0798003152012825}","{'x': -0.010693594813346863, 'y': -0.002566121518611908, 'z': 0.6039047837257385}",1653088299245,0.5244198927583015
485,"{'x': -0.004689592402428389, 'y': -0.02181265503168106, 'z': 0.07332027703523636}","{'x': -0.010693594813346863, 'y': -0.002566121518611908, 'z': 0.6039047837257385}",1653088299347,0.5309674150427911
486,"{'x': -0.0012376769445836544, 'y': -0.024488547816872597, 'z': 0.06523162871599197}","{'x': -0.010693594813346863, 'y': -0.002566121518611908, 'z': 0.6039047837257385}",1653088299446,0.5392019798606992
487,"{'x': 0.001308094710111618, 'y': -0.023561714217066765, 'z': 0.05613753944635391}","{'x': -0.010693594813346863, 'y': -0.002566121518611908, 'z': 0.6039047837257385}",1653088299546,0.548300838381274
488,"{'x': 0.002619725652039051, 'y': -0.022441770881414413, 'z': 0.04565814137458801}","{'x': -0.010693594813346863, 'y': -0.002566121518611908, 'z': 0.6039047837257385}",1653088299675,0.5587589817047601
489,"{'x': 0.002810397185385227, 'y': -0.021218951791524887, 'z': 0.04062601923942566}","{'x': -0.010693594813346863, 'y': -0.002566121518611908, 'z': 0.6039047837257385}",1653088299781,0.5637492815058118
490,"{'x': 0.0026201289147138596, 'y': -0.020797276869416237, 'z': 0.03714194893836975}","{'x': -0.010693594813346863, 'y': -0.002566121518611908, 'z': 0.6039047837257385}",1653088299881,0.5672122540646901
491,"{'x': 0.0014046658761799335, 'y': -0.019439175724983215, 'z': 0.036652758717536926}","{'x': -0.010693594813346863, 'y': -0.002566121518611908, 'z': 0.6039047837257385}",1653088299981,0.5676318593471197
492,"{'x': -0.0011467169970273972, 'y': -0.018530745059251785, 'z': 0.03746049106121063}","{'x': -0.010693594813346863, 'y': -0.002566121518611908, 'z': 0.6039047837257385}",1653088300076,0.5667496350003689
493,"{'x': -0.004602555651217699, 'y': -0.016878869384527206, 'z': 0.03850483149290085}","{'x': -0.010693594813346863, 'y': -0.002566121518611908, 'z': 0.6039047837257385}",1653088300176,0.565613880217276
494,"{'x': -0.007919151335954666, 'y': -0.016463570296764374, 'z': 0.03961198776960373}","{'x': -0.010693594813346863, 'y': -0.002566121518611908, 'z': 0.6039047837257385}",1653088300275,0.5644707221700188
495,"{'x': -0.010132797062397003, 'y': -0.015170220285654068, 'z': 0.039916738867759705}","{'x': -0.010693594813346863, 'y': -0.002566121518611908, 'z': 0.6039047837257385}",1653088300385,0.5641291452695671
496,"{'x': -0.010165486484766006, 'y': -0.015644492581486702, 'z': 0.04050630331039429}","{'x': -0.010693594813346863, 'y': -0.002566121518611908, 'z': 0.6039047837257385}",1653088300476,0.5635505038790969
497,"{'x': -0.008950473740696907, 'y': -0.014909110963344574, 'z': 0.04156407713890076}","{'x': -0.010693594813346863, 'y': -0.002566121518611908, 'z': 0.6039047837257385}",1653088300581,0.5624788512860645
498,"{'x': -0.009267735294997692, 'y': -0.012647095136344433, 'z': 0.044153086841106415}","{'x': -0.010693594813346863, 'y': -0.002566121518611908, 'z': 0.6039047837257385}",1653088300716,0.5598442830552729
499,"{'x': -0.010706048458814621, 'y': -0.012162075378000736, 'z': 0.04685337841510773}","{'x': -0.010693594813346863, 'y': -0.002566121518611908, 'z': 0.6039047837257385}",1653088300816,0.5571340508747544
500,"{'x': -0.01155151054263115, 'y': -0.01196762453764677, 'z': 0.049196258187294006}","{'x': -0.010693594813346863, 'y': -0.002566121518611908, 'z': 0.6039047837257385}",1653088300916,0.5547888540548112
501,"{'x': -0.01118462160229683, 'y': -0.011201610788702965, 'z': 0.05295901745557785}","{'x': -0.010693594813346863, 'y': -0.002566121518611908, 'z': 0.6039047837257385}",1653088301016,0.5510136569571173
502,"{'x': -0.011369790881872177, 'y': -0.010406716726720333, 'z': 0.05652450770139694}","{'x': -0.010693594813346863, 'y': -0.002566121518611908, 'z': 0.6039047837257385}",1653088301116,0.5474368445353536
503,"{'x': -0.012174254283308983, 'y': -0.011010193265974522, 'z': 0.05918128043413162}","{'x': -0.010693594813346863, 'y': -0.002566121518611908, 'z': 0.6039047837257385}",1653088301216,0.5447909596702407
504,"{'x': -0.012060094624757767, 'y': -0.010417952202260494, 'z': 0.06131817400455475}","{'x': -0.010693594813346863, 'y': -0.002566121518611908, 'z': 0.6039047837257385}",1653088301316,0.5426451396774392
505,"{'x': -0.011742055416107178, 'y': -0.010322880931198597, 'z': 0.06193585693836212}","{'x': -0.010693594813346863, 'y': -0.002566121518611908, 'z': 0.6039047837257385}",1653088301415,0.5420254460717512
506,"{'x': -0.010906422510743141, 'y': -0.010591507889330387, 'z': 0.06119938939809799}","{'x': -0.010693594813346863, 'y': -0.002566121518611908, 'z': 0.6039047837257385}",1653088301515,0.5427647714750359
507,"{'x': -0.010837825015187263, 'y': -0.010237615555524826, 'z': 0.058942779898643494}","{'x': -0.010693594813346863, 'y': -0.002566121518611908, 'z': 0.6039047837257385}",1653088301646,0.5450160164970863
508,"{'x': -0.010910147801041603, 'y': -0.009681392461061478, 'z': 0.057436294853687286}","{'x': -0.010693594813346863, 'y': -0.002566121518611908, 'z': 0.6039047837257385}",1653088301746,0.5465148518621284
509,"{'x': -0.011170919984579086, 'y': -0.009689697995781898, 'z': 0.05646000802516937}","{'x': -0.010693594813346863, 'y': -0.002566121518611908, 'z': 0.6039047837257385}",1653088301848,0.5474913292674064
510,"{'x': -0.012372464872896671, 'y': -0.009767192415893078, 'z': 0.05633096396923065}","{'x': -0.010693594813346863, 'y': -0.002566121518611908, 'z': 0.6039047837257385}",1653088301946,0.5476237413676265
511,"{'x': -0.014251774176955223, 'y': -0.009321588091552258, 'z': 0.05727703124284744}","{'x': -0.010693594813346863, 'y': -0.002566121518611908, 'z': 0.6039047837257385}",1653088302046,0.5466810740765575
512,"{'x': -0.014930853620171547, 'y': -0.00917771179229021, 'z': 0.05846259742975235}","{'x': -0.010693594813346863, 'y': -0.002566121518611908, 'z': 0.6039047837257385}",1653088302146,0.5454987131785815
513,"{'x': -0.015095817856490612, 'y': -0.00844363309442997, 'z': 0.05923780798912048}","{'x': -0.010693594813346863, 'y': -0.002566121518611908, 'z': 0.6039047837257385}",1653088302246,0.5447164759470005
514,"{'x': -0.01647750288248062, 'y': -0.0076463911682367325, 'z': 0.06056661903858185}","{'x': -0.010693594813346863, 'y': -0.002566121518611908, 'z': 0.6039047837257385}",1653088302345,0.5433926977222576
515,"{'x': -0.018699727952480316, 'y': -0.006831704173237085, 'z': 0.06312201172113419}","{'x': -0.010693594813346863, 'y': -0.002566121518611908, 'z': 0.6039047837257385}",1653088302446,0.5408588539168133
516,"{'x': -0.01949242502450943, 'y': -0.007576272822916508, 'z': 0.06485391408205032}","{'x': -0.010693594813346863, 'y': -0.002566121518611908, 'z': 0.6039047837257385}",1653088302546,0.5391459552781542
517,"{'x': -0.020834550261497498, 'y': -0.008967935107648373, 'z': 0.06578020006418228}","{'x': -0.010693594813346863, 'y': -0.002566121518611908, 'z': 0.6039047837257385}",1653088302681,0.5382581998776734
518,"{'x': -0.023063017055392265, 'y': -0.010011670179665089, 'z': 0.06564180552959442}","{'x': -0.010693594813346863, 'y': -0.002566121518611908, 'z': 0.6039047837257385}",1653088302776,0.538456565098847
519,"{'x': -0.02470896765589714, 'y': -0.011397644877433777, 'z': 0.06498207896947861}","{'x': -0.010693594813346863, 'y': -0.002566121518611908, 'z': 0.6039047837257385}",1653088302875,0.5391772511730776
520,"{'x': -0.025044111534953117, 'y': -0.01232697069644928, 'z': 0.0640430822968483}","{'x': -0.010693594813346863, 'y': -0.002566121518611908, 'z': 0.6039047837257385}",1653088302976,0.5401406003778514
521,"{'x': -0.025907542556524277, 'y': -0.012728776782751083, 'z': 0.06295673549175262}","{'x': -0.010693594813346863, 'y': -0.002566121518611908, 'z': 0.6039047837257385}",1653088303085,0.5412573645282885
522,"{'x': -0.027513619512319565, 'y': -0.01296503096818924, 'z': 0.0625222846865654}","{'x': -0.010693594813346863, 'y': -0.002566121518611908, 'z': 0.6039047837257385}",1653088303186,0.5417435378613342
523,"{'x': -0.031569089740514755, 'y': -0.014035826548933983, 'z': 0.06252758949995041}","{'x': -0.010693594813346863, 'y': -0.002566121518611908, 'z': 0.6039047837257385}",1653088303285,0.5419009197719852
524,"{'x': -0.03540489077568054, 'y': -0.015617109835147858, 'z': 0.06215709447860718}","{'x': -0.010693594813346863, 'y': -0.002566121518611908, 'z': 0.6039047837257385}",1653088303385,0.5424680038940387
525,"{'x': -0.03628656268119812, 'y': -0.016074491664767265, 'z': 0.06208665668964386}","{'x': -0.010693594813346863, 'y': -0.002566121518611908, 'z': 0.6039047837257385}",1653088303476,0.5425904153716614
526,"{'x': -0.03499871492385864, 'y': -0.015939777716994286, 'z': 0.061955735087394714}","{'x': -0.010693594813346863, 'y': -0.002566121518611908, 'z': 0.6039047837257385}",1653088303576,0.5426586080250685
527,"{'x': -0.03005637228488922, 'y': -0.015168401412665844, 'z': 0.06253667175769806}","{'x': -0.010693594813346863, 'y': -0.002566121518611908, 'z': 0.6039047837257385}",1653088303716,0.5418608375457497
528,"{'x': -0.02677551843225956, 'y': -0.014219657517969608, 'z': 0.06283880770206451}","{'x': -0.010693594813346863, 'y': -0.002566121518611908, 'z': 0.6039047837257385}",1653088303816,0.5414303497025483
529,"{'x': -0.024579836055636406, 'y': -0.013213733211159706, 'z': 0.06337068229913712}","{'x': -0.010693594813346863, 'y': -0.002566121518611908, 'z': 0.6039047837257385}",1653088303915,0.5408172650125528
530,"{'x': -0.024509644135832787, 'y': -0.012489855289459229, 'z': 0.06409917026758194}","{'x': -0.010693594813346863, 'y': -0.002566121518611908, 'z': 0.6039047837257385}",1653088304016,0.5400735727952005
531,"{'x': -0.02461143583059311, 'y': -0.014153641648590565, 'z': 0.06474936753511429}","{'x': -0.010693594813346863, 'y': -0.002566121518611908, 'z': 0.6039047837257385}",1653088304116,0.5394594884966147
532,"{'x': -0.02154618315398693, 'y': -0.015903860330581665, 'z': 0.06565473228693008}","{'x': -0.010693594813346863, 'y': -0.002566121518611908, 'z': 0.6039047837257385}",1653088304216,0.5385246436554112
533,"{'x': -0.022345993667840958, 'y': -0.013628475368022919, 'z': 0.06524395942687988}","{'x': -0.010693594813346863, 'y': -0.002566121518611908, 'z': 0.6039047837257385}",1653088304316,0.5389003968323642
534,"{'x': -0.02630612999200821, 'y': -0.01184825412929058, 'z': 0.06638181954622269}","{'x': -0.010693594813346863, 'y': -0.002566121518611908, 'z': 0.6039047837257385}",1653088304416,0.5378297558343534
535,"{'x': -0.02669876255095005, 'y': -0.010750790126621723, 'z': 0.0671430379152298}","{'x': -0.010693594813346863, 'y': -0.002566121518611908, 'z': 0.6039047837257385}",1653088304513,0.5370626834551783
536,"{'x': -0.024321453645825386, 'y': -0.010577432811260223, 'z': 0.06709611415863037}","{'x': -0.010693594813346863, 'y': -0.002566121518611908, 'z': 0.6039047837257385}",1653088304616,0.537041383291264
537,"{'x': -0.024280890822410583, 'y': -0.008782238699495792, 'z': 0.06866441667079926}","{'x': -0.010693594813346863, 'y': -0.002566121518611908, 'z': 0.6039047837257385}",1653088304746,0.5354488820146611
538,"{'x': -0.0254910159856081, 'y': -0.008738073520362377, 'z': 0.07107532024383545}","{'x': -0.010693594813346863, 'y': -0.002566121518611908, 'z': 0.6039047837257385}",1653088304846,0.5330706274212395
539,"{'x': -0.026283325627446175, 'y': -0.00927810650318861, 'z': 0.07339691370725632}","{'x': -0.010693594813346863, 'y': -0.002566121518611908, 'z': 0.6039047837257385}",1653088304946,0.5307793238256706
540,"{'x': -0.026294924318790436, 'y': -0.00915264431387186, 'z': 0.07515759766101837}","{'x': -0.010693594813346863, 'y': -0.002566121518611908, 'z': 0.6039047837257385}",1653088305046,0.5290183083185588
541,"{'x': -0.02630070224404335, 'y': -0.009202837012708187, 'z': 0.07598816603422165}","{'x': -0.010693594813346863, 'y': -0.002566121518611908, 'z': 0.6039047837257385}",1653088305146,0.5281889652669337
542,"{'x': -0.02852688357234001, 'y': -0.00956358015537262, 'z': 0.07520700246095657}","{'x': -0.010693594813346863, 'y': -0.002566121518611908, 'z': 0.6039047837257385}",1653088305246,0.5290447377392936
543,"{'x': -0.029026415199041367, 'y': -0.00943941529840231, 'z': 0.07467959076166153}","{'x': -0.010693594813346863, 'y': -0.002566121518611908, 'z': 0.6039047837257385}",1653088305346,0.5295872348712174
544,"{'x': -0.029362617060542107, 'y': -0.009615815244615078, 'z': 0.07410843670368195}","{'x': -0.010693594813346863, 'y': -0.002566121518611908, 'z': 0.6039047837257385}",1653088305446,0.530172047444235
545,"{'x': -0.029419753700494766, 'y': -0.009673169814050198, 'z': 0.07358455657958984}","{'x': -0.010693594813346863, 'y': -0.002566121518611908, 'z': 0.6039047837257385}",1653088305546,0.5306983347274449
546,"{'x': -0.02963067591190338, 'y': -0.010133571922779083, 'z': 0.07236539572477341}","{'x': -0.010693594813346863, 'y': -0.002566121518611908, 'z': 0.6039047837257385}",1653088305686,0.5319304469031579
547,"{'x': -0.028999298810958862, 'y': -0.010136504657566547, 'z': 0.0716806948184967}","{'x': -0.010693594813346863, 'y': -0.002566121518611908, 'z': 0.6039047837257385}",1653088305781,0.5325926119585799
548,"{'x': -0.028379639610648155, 'y': -0.01011994481086731, 'z': 0.07136841118335724}","{'x': -0.010693594813346863, 'y': -0.002566121518611908, 'z': 0.6039047837257385}",1653088305885,0.5328835187050738
549,"{'x': -0.027545571327209473, 'y': -0.010071342810988426, 'z': 0.07128895074129105}","{'x': -0.010693594813346863, 'y': -0.002566121518611908, 'z': 0.6039047837257385}",1653088305986,0.5329352146413184
550,"{'x': -0.026736680418252945, 'y': -0.010286417789757252, 'z': 0.0709834173321724}","{'x': -0.010693594813346863, 'y': -0.002566121518611908, 'z': 0.6039047837257385}",1653088306076,0.5332186852774631
551,"{'x': -0.02620447427034378, 'y': -0.010002904571592808, 'z': 0.07008374482393265}","{'x': -0.010693594813346863, 'y': -0.002566121518611908, 'z': 0.6039047837257385}",1653088306176,0.5340981133629943
552,"{'x': -0.026128772646188736, 'y': -0.009992626495659351, 'z': 0.06936440616846085}","{'x': -0.010693594813346863, 'y': -0.002566121518611908, 'z': 0.6039047837257385}",1653088306286,0.5348147463654892
553,"{'x': -0.026103630661964417, 'y': -0.009808042086660862, 'z': 0.06832067668437958}","{'x': -0.010693594813346863, 'y': -0.002566121518611908, 'z': 0.6039047837257385}",1653088306376,0.5358546914357095
554,"{'x': -0.026318788528442383, 'y': -0.009379521012306213, 'z': 0.067627914249897}","{'x': -0.010693594813346863, 'y': -0.002566121518611908, 'z': 0.6039047837257385}",1653088306476,0.5365477143983597
555,"{'x': -0.026786359027028084, 'y': -0.009672002866864204, 'z': 0.06720973551273346}","{'x': -0.010693594813346863, 'y': -0.002566121518611908, 'z': 0.6039047837257385}",1653088306581,0.5369832822222051
556,"{'x': -0.02737467922270298, 'y': -0.009386206977069378, 'z': 0.06679387390613556}","{'x': -0.010693594813346863, 'y': -0.002566121518611908, 'z': 0.6039047837257385}",1653088306716,0.5374131572542437
557,"{'x': -0.027716193348169327, 'y': -0.009518475271761417, 'z': 0.06651011109352112}","{'x': -0.010693594813346863, 'y': -0.002566121518611908, 'z': 0.6039047837257385}",1653088306816,0.5377091576838494
558,"{'x': -0.02854633331298828, 'y': -0.009385370649397373, 'z': 0.06611528247594833}","{'x': -0.010693594813346863, 'y': -0.002566121518611908, 'z': 0.6039047837257385}",1653088306916,0.5381289530262634
559,"{'x': -0.029381461441516876, 'y': -0.009317019954323769, 'z': 0.0662158727645874}","{'x': -0.010693594813346863, 'y': -0.002566121518611908, 'z': 0.6039047837257385}",1653088307016,0.5380559227063579
560,"{'x': -0.02982066199183464, 'y': -0.009566336870193481, 'z': 0.06653424352407455}","{'x': -0.010693594813346863, 'y': -0.002566121518611908, 'z': 0.6039047837257385}",1653088307116,0.5377563994881391
561,"{'x': -0.03132013976573944, 'y': -0.009256063960492611, 'z': 0.06685684621334076}","{'x': -0.010693594813346863, 'y': -0.002566121518611908, 'z': 0.6039047837257385}",1653088307216,0.5374855317800369
562,"{'x': -0.033846382051706314, 'y': -0.008945428766310215, 'z': 0.06787137687206268}","{'x': -0.010693594813346863, 'y': -0.002566121518611908, 'z': 0.6039047837257385}",1653088307316,0.5365711140016984
563,"{'x': -0.03304904326796532, 'y': -0.009266735054552555, 'z': 0.06910521537065506}","{'x': -0.010693594813346863, 'y': -0.002566121518611908, 'z': 0.6039047837257385}",1653088307416,0.5353085489791367
564,"{'x': -0.030688775703310966, 'y': -0.009405653923749924, 'z': 0.06890169531106949}","{'x': -0.010693594813346863, 'y': -0.002566121518611908, 'z': 0.6039047837257385}",1653088307516,0.5354202938585514
565,"{'x': -0.03027939237654209, 'y': -0.009006544016301632, 'z': 0.06893423199653625}","{'x': -0.010693594813346863, 'y': -0.002566121518611908, 'z': 0.6039047837257385}",1653088307616,0.5353676995538509
566,"{'x': -0.03020421229302883, 'y': -0.009390814229846, 'z': 0.06911127269268036}","{'x': -0.010693594813346863, 'y': -0.002566121518611908, 'z': 0.6039047837257385}",1653088307746,0.5351928064427874
567,"{'x': -0.030525336042046547, 'y': -0.009318847209215164, 'z': 0.06940394639968872}","{'x': -0.010693594813346863, 'y': -0.002566121518611908, 'z': 0.6039047837257385}",1653088307846,0.5349112471865431
568,"{'x': -0.030446626245975494, 'y': -0.009665427729487419, 'z': 0.06939461827278137}","{'x': -0.010693594813346863, 'y': -0.002566121518611908, 'z': 0.6039047837257385}",1653088307947,0.5349221432806851
569,"{'x': -0.030218280851840973, 'y': -0.009450268000364304, 'z': 0.06900357455015182}","{'x': -0.010693594813346863, 'y': -0.002566121518611908, 'z': 0.6039047837257385}",1653088308046,0.5353016984983223
570,"{'x': -0.02997581660747528, 'y': -0.00912516564130783, 'z': 0.0687386691570282}","{'x': -0.010693594813346863, 'y': -0.002566121518611908, 'z': 0.6039047837257385}",1653088308146,0.535553541039261
571,"{'x': -0.03000972792506218, 'y': -0.008940018713474274, 'z': 0.06868014484643936}","{'x': -0.010693594813346863, 'y': -0.002566121518611908, 'z': 0.6039047837257385}",1653088308246,0.5356110096210834
572,"{'x': -0.029780879616737366, 'y': -0.009336725808680058, 'z': 0.06881911307573318}","{'x': -0.010693594813346863, 'y': -0.002566121518611908, 'z': 0.6039047837257385}",1653088308346,0.5354688043748062
573,"{'x': -0.029699785634875298, 'y': -0.009445225819945335, 'z': 0.06818947196006775}","{'x': -0.010693594813346863, 'y': -0.002566121518611908, 'z': 0.6039047837257385}",1653088308446,0.5360964956290265
574,"{'x': -0.03018077276647091, 'y': -0.009109321981668472, 'z': 0.06732998788356781}","{'x': -0.010693594813346863, 'y': -0.002566121518611908, 'z': 0.6039047837257385}",1653088308546,0.5369684116500184
575,"{'x': -0.03188803419470787, 'y': -0.009546611458063126, 'z': 0.06599318236112595}","{'x': -0.010693594813346863, 'y': -0.002566121518611908, 'z': 0.6039047837257385}",1653088308686,0.538374240081309
576,"{'x': -0.03239978104829788, 'y': -0.00969585869461298, 'z': 0.0643056184053421}","{'x': -0.010693594813346863, 'y': -0.002566121518611908, 'z': 0.6039047837257385}",1653088308782,0.5400826333882008
577,"{'x': -0.032338570803403854, 'y': -0.010027173906564713, 'z': 0.06305931508541107}","{'x': -0.010693594813346863, 'y': -0.002566121518611908, 'z': 0.6039047837257385}",1653088308883,0.5413298377487807
578,"{'x': -0.03432289883494377, 'y': -0.009402332827448845, 'z': 0.06210179626941681}","{'x': -0.010693594813346863, 'y': -0.002566121518611908, 'z': 0.6039047837257385}",1653088308976,0.5423610928248811
579,"{'x': -0.033931005746126175, 'y': -0.010968382470309734, 'z': 0.06284988671541214}","{'x': -0.010693594813346863, 'y': -0.002566121518611908, 'z': 0.6039047837257385}",1653088309081,0.5416188483009192
580,"{'x': -0.02703355811536312, 'y': -0.015278132632374763, 'z': 0.06265857070684433}","{'x': -0.010693594813346863, 'y': -0.002566121518611908, 'z': 0.6039047837257385}",1653088309176,0.5416419968342207
581,"{'x': -0.017197376117110252, 'y': -0.021477652713656425, 'z': 0.05761992186307907}","{'x': -0.010693594813346863, 'y': -0.002566121518611908, 'z': 0.6039047837257385}",1653088309276,0.546650798484456
582,"{'x': -0.009122219868004322, 'y': -0.023155618458986282, 'z': 0.0492190420627594}","{'x': -0.010693594813346863, 'y': -0.002566121518611908, 'z': 0.6039047837257385}",1653088309385,0.5550699673083437
583,"{'x': -0.0038995761424303055, 'y': -0.025574246421456337, 'z': 0.04008719325065613}","{'x': -0.010693594813346863, 'y': -0.002566121518611908, 'z': 0.6039047837257385}",1653088309476,0.5643277485915196
584,"{'x': 0.0003128889948129654, 'y': -0.02600129134953022, 'z': 0.03153078258037567}","{'x': -0.010693594813346863, 'y': -0.002566121518611908, 'z': 0.6039047837257385}",1653088309576,0.5729592891802829
585,"{'x': 0.0046494025737047195, 'y': -0.026114964857697487, 'z': 0.02200116217136383}","{'x': -0.010693594813346863, 'y': -0.002566121518611908, 'z': 0.6039047837257385}",1653088309716,0.5825819945462826
586,"{'x': 0.006438650190830231, 'y': -0.02453283965587616, 'z': 0.01772148162126541}","{'x': -0.010693594813346863, 'y': -0.002566121518611908, 'z': 0.6039047837257385}",1653088309816,0.5868448808592516
587,"{'x': 0.00700830202549696, 'y': -0.02362591028213501, 'z': 0.01528458297252655}","{'x': -0.010693594813346863, 'y': -0.002566121518611908, 'z': 0.6039047837257385}",1653088309916,0.5892627704082525
588,"{'x': 0.006967758759856224, 'y': -0.02218446135520935, 'z': 0.014454714953899384}","{'x': -0.010693594813346863, 'y': -0.002566121518611908, 'z': 0.6039047837257385}",1653088310016,0.5900408343861532
589,"{'x': 0.006366542540490627, 'y': -0.021426474675536156, 'z': 0.014159806072711945}","{'x': -0.010693594813346863, 'y': -0.002566121518611908, 'z': 0.6039047837257385}",1653088310116,0.5902930627025059
590,"{'x': 0.0050477925688028336, 'y': -0.021107332780957222, 'z': 0.014660634100437164}","{'x': -0.010693594813346863, 'y': -0.002566121518611908, 'z': 0.6039047837257385}",1653088310216,0.5897459077089339
591,"{'x': 0.0033637043088674545, 'y': -0.02069973014295101, 'z': 0.015702717006206512}","{'x': -0.010693594813346863, 'y': -0.002566121518611908, 'z': 0.6039047837257385}",1653088310315,0.5886493920097777
592,"{'x': 0.0015704380348324776, 'y': -0.02072039805352688, 'z': 0.016871288418769836}","{'x': -0.010693594813346863, 'y': -0.002566121518611908, 'z': 0.6039047837257385}",1653088310416,0.5874421749164118
593,"{'x': -0.0007671280764043331, 'y': -0.02040901593863964, 'z': 0.017684713006019592}","{'x': -0.010693594813346863, 'y': -0.002566121518611908, 'z': 0.6039047837257385}",1653088310516,0.5865755492157819
594,"{'x': -0.002590636722743511, 'y': -0.020043352618813515, 'z': 0.01873045414686203}","{'x': -0.010693594813346863, 'y': -0.002566121518611908, 'z': 0.6039047837257385}",1653088310616,0.5854913385651708
595,"{'x': -0.0038993768393993378, 'y': -0.020801715552806854, 'z': 0.0195862278342247}","{'x': -0.010693594813346863, 'y': -0.002566121518611908, 'z': 0.6039047837257385}",1653088310745,0.584642517310195
596,"{'x': -0.004548434633761644, 'y': -0.020229225978255272, 'z': 0.020120039582252502}","{'x': -0.010693594813346863, 'y': -0.002566121518611908, 'z': 0.6039047837257385}",1653088310846,0.5840842197384385
597,"{'x': -0.004842943511903286, 'y': -0.019903328269720078, 'z': 0.02102738618850708}","{'x': -0.010693594813346863, 'y': -0.002566121518611908, 'z': 0.6039047837257385}",1653088310946,0.5831645303157228
598,"{'x': -0.005192287266254425, 'y': -0.02022206410765648, 'z': 0.021362245082855225}","{'x': -0.010693594813346863, 'y': -0.002566121518611908, 'z': 0.6039047837257385}",1653088311046,0.5828360026816553
599,"{'x': -0.00534860510379076, 'y': -0.020032357424497604, 'z': 0.02124057710170746}","{'x': -0.010693594813346863, 'y': -0.002566121518611908, 'z': 0.6039047837257385}",1653088311146,0.582950440425708
600,"{'x': -0.005129880737513304, 'y': -0.019874196499586105, 'z': 0.021203741431236267}","{'x': -0.010693594813346863, 'y': -0.002566121518611908, 'z': 0.6039047837257385}",1653088311246,0.5829845873305434
601,"{'x': -0.004955189302563667, 'y': -0.019514665007591248, 'z': 0.021152876317501068}","{'x': -0.010693594813346863, 'y': -0.002566121518611908, 'z': 0.6039047837257385}",1653088311346,0.5830265585821481
602,"{'x': -0.004412240814417601, 'y': -0.019625630229711533, 'z': 0.020771190524101257}","{'x': -0.010693594813346863, 'y': -0.002566121518611908, 'z': 0.6039047837257385}",1653088311446,0.5834168919098731
603,"{'x': -0.003673367202281952, 'y': -0.01952389068901539, 'z': 0.020677968859672546}","{'x': -0.010693594813346863, 'y': -0.002566121518611908, 'z': 0.6039047837257385}",1653088311546,0.5835155243091347
604,"{'x': -0.002969963476061821, 'y': -0.01929883472621441, 'z': 0.02065492421388626}","{'x': -0.010693594813346863, 'y': -0.002566121518611908, 'z': 0.6039047837257385}",1653088311646,0.5835409469719478
605,"{'x': -0.002789455931633711, 'y': -0.01897408440709114, 'z': 0.020995549857616425}","{'x': -0.010693594813346863, 'y': -0.002566121518611908, 'z': 0.6039047837257385}",1653088311796,0.5831936827387041
606,"{'x': -0.0028332415968179703, 'y': -0.019266828894615173, 'z': 0.020798631012439728}","{'x': -0.010693594813346863, 'y': -0.002566121518611908, 'z': 0.6039047837257385}",1653088311898,0.583398220867747
607,"{'x': -0.0035361964255571365, 'y': -0.01914711855351925, 'z': 0.02058541774749756}","{'x': -0.010693594813346863, 'y': -0.002566121518611908, 'z': 0.6039047837257385}",1653088311996,0.5835988695496335
608,"{'x': -0.0031850989907979965, 'y': -0.019132165238261223, 'z': 0.020502053201198578}","{'x': -0.010693594813346863, 'y': -0.002566121518611908, 'z': 0.6039047837257385}",1653088312096,0.583686180492161
609,"{'x': -0.002700590994209051, 'y': -0.018957199528813362, 'z': 0.02007181942462921}","{'x': -0.010693594813346863, 'y': -0.002566121518611908, 'z': 0.6039047837257385}",1653088312196,0.5841176985445738
610,"{'x': -0.0023750634863972664, 'y': -0.018354356288909912, 'z': 0.01989738643169403}","{'x': -0.010693594813346863, 'y': -0.002566121518611908, 'z': 0.6039047837257385}",1653088312296,0.5842799897435847
611,"{'x': -0.0025980593636631966, 'y': -0.018247708678245544, 'z': 0.02027197927236557}","{'x': -0.010693594813346863, 'y': -0.002566121518611908, 'z': 0.6039047837257385}",1653088312396,0.5838995635416859
612,"{'x': -0.003281733486801386, 'y': -0.01806621626019478, 'z': 0.02070244401693344}","{'x': -0.010693594813346863, 'y': -0.002566121518611908, 'z': 0.6039047837257385}",1653088312496,0.583455360475115
613,"{'x': -0.003838422242552042, 'y': -0.01805420219898224, 'z': 0.021200530230998993}","{'x': -0.010693594813346863, 'y': -0.002566121518611908, 'z': 0.6039047837257385}",1653088312596,0.5829503590143835
614,"{'x': -0.004844424314796925, 'y': -0.01826506108045578, 'z': 0.02083403617143631}","{'x': -0.010693594813346863, 'y': -0.002566121518611908, 'z': 0.6039047837257385}",1653088312747,0.5833113800985031
615,"{'x': -0.005459639709442854, 'y': -0.017888082191348076, 'z': 0.020747587084770203}","{'x': -0.010693594813346863, 'y': -0.002566121518611908, 'z': 0.6039047837257385}",1653088312846,0.5833819270075475
616,"{'x': -0.006056538783013821, 'y': -0.01758410595357418, 'z': 0.02077207714319229}","{'x': -0.010693594813346863, 'y': -0.002566121518611908, 'z': 0.6039047837257385}",1653088312946,0.5833444913868675
617,"{'x': -0.006470621097832918, 'y': -0.01767483912408352, 'z': 0.02086617797613144}","{'x': -0.010693594813346863, 'y': -0.002566121518611908, 'z': 0.6039047837257385}",1653088313046,0.5832496229309794
618,"{'x': -0.006629089824855328, 'y': -0.01788334734737873, 'z': 0.021146580576896667}","{'x': -0.010693594813346863, 'y': -0.002566121518611908, 'z': 0.6039047837257385}",1653088313146,0.5829736365781542
619,"{'x': -0.006563087925314903, 'y': -0.0180243868380785, 'z': 0.021446868777275085}","{'x': -0.010693594813346863, 'y': -0.002566121518611908, 'z': 0.6039047837257385}",1653088313246,0.582677648224085
620,"{'x': -0.0067977760918438435, 'y': -0.01857527531683445, 'z': 0.021417982876300812}","{'x': -0.010693594813346863, 'y': -0.002566121518611908, 'z': 0.6039047837257385}",1653088313346,0.582719781346625
621,"{'x': -0.006677334196865559, 'y': -0.019488219171762466, 'z': 0.02082245796918869}","{'x': -0.010693594813346863, 'y': -0.002566121518611908, 'z': 0.6039047837257385}",1653088313446,0.5833416549055875
622,"{'x': -0.006223700940608978, 'y': -0.022260989993810654, 'z': 0.01850389689207077}","{'x': -0.010693594813346863, 'y': -0.002566121518611908, 'z': 0.6039047837257385}",1653088313546,0.5857491494668461
623,"{'x': -0.005199621431529522, 'y': -0.024256829172372818, 'z': 0.014015831053256989}","{'x': -0.010693594813346863, 'y': -0.002566121518611908, 'z': 0.6039047837257385}",1653088313646,0.5903131770738971
624,"{'x': -0.0017152153886854649, 'y': -0.026793405413627625, 'z': 0.0037317872047424316}","{'x': -0.010693594813346863, 'y': -0.002566121518611908, 'z': 0.6039047837257385}",1653088313796,0.6007288892129414
625,"{'x': 0.0008036065846681595, 'y': -0.02960025519132614, 'z': -0.004965469241142273}","{'x': -0.010693594813346863, 'y': -0.002566121518611908, 'z': 0.6039047837257385}",1653088313896,0.6095785552095596
626,"{'x': 0.0034838085994124413, 'y': -0.032325729727745056, 'z': -0.014082826673984528}","{'x': -0.010693594813346863, 'y': -0.002566121518611908, 'z': 0.6039047837257385}",1653088313996,0.6188661564957718
627,"{'x': 0.006606012582778931, 'y': -0.034431152045726776, 'z': -0.022515472024679184}","{'x': -0.010693594813346863, 'y': -0.002566121518611908, 'z': 0.6039047837257385}",1653088314096,0.6274687190617336
628,"{'x': 0.009330225177109241, 'y': -0.035493750125169754, 'z': -0.03036358579993248}","{'x': -0.010693594813346863, 'y': -0.002566121518611908, 'z': 0.6039047837257385}",1653088314196,0.6354380746173578
629,"{'x': 0.010941952466964722, 'y': -0.03559865057468414, 'z': -0.03724891319870949}","{'x': -0.010693594813346863, 'y': -0.002566121518611908, 'z': 0.6039047837257385}",1653088314296,0.6423685141426576
630,"{'x': 0.011714065447449684, 'y': -0.03600456565618515, 'z': -0.043229080736637115}","{'x': -0.010693594813346863, 'y': -0.002566121518611908, 'z': 0.6039047837257385}",1653088314396,0.6483845088515867
631,"{'x': 0.011060268618166447, 'y': -0.03591591864824295, 'z': -0.04838387295603752}","{'x': -0.010693594813346863, 'y': -0.002566121518611908, 'z': 0.6039047837257385}",1653088314496,0.6535028165038773
632,"{'x': 0.010910764336585999, 'y': -0.035787951201200485, 'z': -0.053357381373643875}","{'x': -0.010693594813346863, 'y': -0.002566121518611908, 'z': 0.6039047837257385}",1653088314596,0.658455763110071
633,"{'x': 0.011123748496174812, 'y': -0.03509077802300453, 'z': -0.058637019246816635}","{'x': -0.010693594813346863, 'y': -0.002566121518611908, 'z': 0.6039047837257385}",1653088314736,0.6636983429510265
634,"{'x': 0.01052786409854889, 'y': -0.034981366246938705, 'z': -0.06171822547912598}","{'x': -0.010693594813346863, 'y': -0.002566121518611908, 'z': 0.6039047837257385}",1653088314826,0.6667496447633742
635,"{'x': 0.009447544813156128, 'y': -0.03496471419930458, 'z': -0.06436514854431152}","{'x': -0.010693594813346863, 'y': -0.002566121518611908, 'z': 0.6039047837257385}",1653088314926,0.669357928681928
636,"{'x': 0.007450121454894543, 'y': -0.03468151018023491, 'z': -0.0666046291589737}","{'x': -0.010693594813346863, 'y': -0.002566121518611908, 'z': 0.6039047837257385}",1653088315036,0.6715232426326814
637,"{'x': 0.006503501906991005, 'y': -0.03453419357538223, 'z': -0.06864942610263824}","{'x': -0.010693594813346863, 'y': -0.002566121518611908, 'z': 0.6039047837257385}",1653088315126,0.6735331193968919
638,"{'x': 0.0064121512696146965, 'y': -0.03152596205472946, 'z': -0.07130025327205658}","{'x': -0.010693594813346863, 'y': -0.002566121518611908, 'z': 0.6039047837257385}",1653088315226,0.6760422478663046
639,"{'x': 0.0094507010653615, 'y': -0.029131950810551643, 'z': -0.07538488507270813}","{'x': -0.010693594813346863, 'y': -0.002566121518611908, 'z': 0.6039047837257385}",1653088315326,0.6801073371745968
640,"{'x': 0.011861762963235378, 'y': -0.02695714309811592, 'z': -0.08626902848482132}","{'x': -0.010693594813346863, 'y': -0.002566121518611908, 'z': 0.6039047837257385}",1653088315437,0.6909729062411771
641,"{'x': 0.014975999481976032, 'y': -0.026021024212241173, 'z': -0.10218620300292969}","{'x': -0.010693594813346863, 'y': -0.002566121518611908, 'z': 0.6039047837257385}",1653088315526,0.7069466331139278
642,"{'x': 0.01863032579421997, 'y': -0.026057101786136627, 'z': -0.12091885507106781}","{'x': -0.010693594813346863, 'y': -0.002566121518611908, 'z': 0.6039047837257385}",1653088315626,0.7257968213159736
643,"{'x': 0.025887146592140198, 'y': -0.024628618732094765, 'z': -0.14754623174667358}","{'x': -0.010693594813346863, 'y': -0.002566121518611908, 'z': 0.6039047837257385}",1653088315766,0.752664289759777
644,"{'x': 0.03620653599500656, 'y': -0.02459898591041565, 'z': -0.1670510619878769}","{'x': -0.010693594813346863, 'y': -0.002566121518611908, 'z': 0.6039047837257385}",1653088315866,0.7726952733278134
645,"{'x': 0.049229107797145844, 'y': -0.020030900835990906, 'z': -0.18589358031749725}","{'x': -0.010693594813346863, 'y': -0.002566121518611908, 'z': 0.6039047837257385}",1653088315966,0.7922608185756266
646,"{'x': 0.058999255299568176, 'y': -0.02214132808148861, 'z': -0.2014882117509842}","{'x': -0.010693594813346863, 'y': -0.002566121518611908, 'z': 0.6039047837257385}",1653088316066,0.808639696794443
647,"{'x': 0.06500084698200226, 'y': -0.02068171463906765, 'z': -0.21429061889648438}","{'x': -0.010693594813346863, 'y': -0.002566121518611908, 'z': 0.6039047837257385}",1653088316166,0.821889007168825
648,"{'x': 0.06718090176582336, 'y': -0.02088574878871441, 'z': -0.22320693731307983}","{'x': -0.010693594813346863, 'y': -0.002566121518611908, 'z': 0.6039047837257385}",1653088316266,0.8309716270972016
649,"{'x': 0.06829018890857697, 'y': -0.02147638611495495, 'z': -0.22774744033813477}","{'x': -0.010693594813346863, 'y': -0.002566121518611908, 'z': 0.6039047837257385}",1653088316366,0.835608435805026
650,"{'x': 0.06793464720249176, 'y': -0.022306211292743683, 'z': -0.22751446068286896}","{'x': -0.010693594813346863, 'y': -0.002566121518611908, 'z': 0.6039047837257385}",1653088316466,0.8353622157841303
651,"{'x': 0.06750855594873428, 'y': -0.023081859573721886, 'z': -0.22538915276527405}","{'x': -0.010693594813346863, 'y': -0.002566121518611908, 'z': 0.6039047837257385}",1653088316566,0.8332256026986453
652,"{'x': 0.06716058403253555, 'y': -0.022901225835084915, 'z': -0.22387436032295227}","{'x': -0.010693594813346863, 'y': -0.002566121518611908, 'z': 0.6039047837257385}",1653088316666,0.8316808888950807
653,"{'x': 0.06688758730888367, 'y': -0.02268705703318119, 'z': -0.223134845495224}","{'x': -0.010693594813346863, 'y': -0.002566121518611908, 'z': 0.6039047837257385}",1653088316816,0.8309140991506953
654,"{'x': 0.06647041440010071, 'y': -0.023060761392116547, 'z': -0.22300612926483154}","{'x': -0.010693594813346863, 'y': -0.002566121518611908, 'z': 0.6039047837257385}",1653088316922,0.83075626546198
655,"{'x': 0.06693398952484131, 'y': -0.022553464397788048, 'z': -0.22211596369743347}","{'x': -0.010693594813346863, 'y': -0.002566121518611908, 'z': 0.6039047837257385}",1653088317016,0.8299010850089834
656,"{'x': 0.06797495484352112, 'y': -0.022641494870185852, 'z': -0.22048461437225342}","{'x': -0.010693594813346863, 'y': -0.002566121518611908, 'z': 0.6039047837257385}",1653088317116,0.8283777163931255
657,"{'x': 0.06895467638969421, 'y': -0.02289365418255329, 'z': -0.21955710649490356}","{'x': -0.010693594813346863, 'y': -0.002566121518611908, 'z': 0.6039047837257385}",1653088317216,0.8275545542957211
658,"{'x': 0.0693700760602951, 'y': -0.022396475076675415, 'z': -0.21951991319656372}","{'x': -0.010693594813346863, 'y': -0.002566121518611908, 'z': 0.6039047837257385}",1653088317316,0.8275455672152355
659,"{'x': 0.06983696669340134, 'y': -0.02248658426105976, 'z': -0.21993425488471985}","{'x': -0.010693594813346863, 'y': -0.002566121518611908, 'z': 0.6039047837257385}",1653088317416,0.8280052884559794
660,"{'x': 0.0698721781373024, 'y': -0.022760039195418358, 'z': -0.22051474452018738}","{'x': -0.010693594813346863, 'y': -0.002566121518611908, 'z': 0.6039047837257385}",1653088317516,0.8285929016323446
661,"{'x': 0.07039815932512283, 'y': -0.022833291441202164, 'z': -0.22090508043766022}","{'x': -0.010693594813346863, 'y': -0.002566121518611908, 'z': 0.6039047837257385}",1653088317616,0.8290343435510796
662,"{'x': 0.07094923406839371, 'y': -0.02273009531199932, 'z': -0.2214091271162033}","{'x': -0.010693594813346863, 'y': -0.002566121518611908, 'z': 0.6039047837257385}",1653088317756,0.8295873605450931
663,"{'x': 0.07109161466360092, 'y': -0.022593604400753975, 'z': -0.22205880284309387}","{'x': -0.010693594813346863, 'y': -0.002566121518611908, 'z': 0.6039047837257385}",1653088317866,0.8302444019067108
664,"{'x': 0.07110734283924103, 'y': -0.022490443661808968, 'z': -0.22269338369369507}","{'x': -0.010693594813346863, 'y': -0.002566121518611908, 'z': 0.6039047837257385}",1653088317966,0.8308747814170764
665,"{'x': 0.07078397274017334, 'y': -0.02250484749674797, 'z': -0.22365236282348633}","{'x': -0.010693594813346863, 'y': -0.002566121518611908, 'z': 0.6039047837257385}",1653088318066,0.831797437849363
666,"{'x': 0.0702366977930069, 'y': -0.02218438871204853, 'z': -0.22488069534301758}","{'x': -0.010693594813346863, 'y': -0.002566121518611908, 'z': 0.6039047837257385}",1653088318166,0.8329585577831893
667,"{'x': 0.06962928175926208, 'y': -0.02212638221681118, 'z': -0.22574546933174133}","{'x': -0.010693594813346863, 'y': -0.002566121518611908, 'z': 0.6039047837257385}",1653088318266,0.8337589044189097
668,"{'x': 0.06923197954893112, 'y': -0.022107483819127083, 'z': -0.226060688495636}","{'x': -0.010693594813346863, 'y': -0.002566121518611908, 'z': 0.6039047837257385}",1653088318366,0.8340339605539748
669,"{'x': 0.06901542097330093, 'y': -0.02201864868402481, 'z': -0.22578004002571106}","{'x': -0.010693594813346863, 'y': -0.002566121518611908, 'z': 0.6039047837257385}",1653088318466,0.8337318722312774
670,"{'x': 0.06921077519655228, 'y': -0.022031553089618683, 'z': -0.22499853372573853}","{'x': -0.010693594813346863, 'y': -0.002566121518611908, 'z': 0.6039047837257385}",1653088318566,0.8329731814740428
671,"{'x': 0.06983746588230133, 'y': -0.02226770855486393, 'z': -0.22407755255699158}","{'x': -0.010693594813346863, 'y': -0.002566121518611908, 'z': 0.6039047837257385}",1653088318666,0.8321226793356381
672,"{'x': 0.07008868455886841, 'y': -0.02260732837021351, 'z': -0.2241329550743103}","{'x': -0.010693594813346863, 'y': -0.002566121518611908, 'z': 0.6039047837257385}",1653088318816,0.8322102640016747
673,"{'x': 0.06993064284324646, 'y': -0.022152192890644073, 'z': -0.2237682342529297}","{'x': -0.010693594813346863, 'y': -0.002566121518611908, 'z': 0.6039047837257385}",1653088318916,0.8318211986835957
674,"{'x': 0.06993915140628815, 'y': -0.021856721490621567, 'z': -0.22276084125041962}","{'x': -0.010693594813346863, 'y': -0.002566121518611908, 'z': 0.6039047837257385}",1653088319016,0.8308127481733909
675,"{'x': 0.07069195806980133, 'y': -0.021520506590604782, 'z': -0.2216302752494812}","{'x': -0.010693594813346863, 'y': -0.002566121518611908, 'z': 0.6039047837257385}",1653088319116,0.829753584221709
676,"{'x': 0.07117477059364319, 'y': -0.021695410832762718, 'z': -0.22072440385818481}","{'x': -0.010693594813346863, 'y': -0.002566121518611908, 'z': 0.6039047837257385}",1653088319216,0.8289038882641331
677,"{'x': 0.07148310542106628, 'y': -0.021450100466609, 'z': -0.2208857238292694}","{'x': -0.010693594813346863, 'y': -0.002566121518611908, 'z': 0.6039047837257385}",1653088319316,0.8290892570014236
678,"{'x': 0.07158513367176056, 'y': -0.020732540637254715, 'z': -0.22146639227867126}","{'x': -0.010693594813346863, 'y': -0.002566121518611908, 'z': 0.6039047837257385}",1653088319416,0.8296610067513253
679,"{'x': 0.07176318019628525, 'y': -0.020402275025844574, 'z': -0.2210003137588501}","{'x': -0.010693594813346863, 'y': -0.002566121518611908, 'z': 0.6039047837257385}",1653088319516,0.8292078557110885
680,"{'x': 0.07197067886590958, 'y': -0.021289579570293427, 'z': -0.2175658941268921}","{'x': -0.010693594813346863, 'y': -0.002566121518611908, 'z': 0.6039047837257385}",1653088319616,0.8258317168745655
681,"{'x': 0.0704650953412056, 'y': -0.020223334431648254, 'z': -0.2077130675315857}","{'x': -0.010693594813346863, 'y': -0.002566121518611908, 'z': 0.6039047837257385}",1653088319716,0.815856633628124
682,"{'x': 0.06270615011453629, 'y': -0.0175099428743124, 'z': -0.1797569990158081}","{'x': -0.010693594813346863, 'y': -0.002566121518611908, 'z': 0.6039047837257385}",1653088319866,0.7872335295716567
683,"{'x': 0.054089680314064026, 'y': -0.012765435501933098, 'z': -0.15270626544952393}","{'x': -0.010693594813346863, 'y': -0.002566121518611908, 'z': 0.6039047837257385}",1653088319966,0.759447943229854
684,"{'x': 0.04377305880188942, 'y': -0.005266801919788122, 'z': -0.12116912007331848}","{'x': -0.010693594813346863, 'y': -0.002566121518611908, 'z': 0.6039047837257385}",1653088320066,0.7271217752213693
685,"{'x': 0.032613761723041534, 'y': 0.0017795091262087226, 'z': -0.09066732227802277}","{'x': -0.010693594813346863, 'y': -0.002566121518611908, 'z': 0.6039047837257385}",1653088320166,0.6959344955341495
686,"{'x': 0.021607492119073868, 'y': 0.0032200284767895937, 'z': -0.0624547116458416}","{'x': -0.010693594813346863, 'y': -0.002566121518611908, 'z': 0.6039047837257385}",1653088320266,0.6671670081925904
687,"{'x': 0.012348868884146214, 'y': 0.005753146950155497, 'z': -0.03717353940010071}","{'x': -0.010693594813346863, 'y': -0.002566121518611908, 'z': 0.6039047837257385}",1653088320366,0.6415462428718164
688,"{'x': 0.0041394345462322235, 'y': 0.0065102302469313145, 'z': -0.015784449875354767}","{'x': -0.010693594813346863, 'y': -0.002566121518611908, 'z': 0.6039047837257385}",1653088320466,0.6199331779816792
689,"{'x': -0.0012067900970578194, 'y': 0.005063551943749189, 'z': 0.0032303109765052795}","{'x': -0.010693594813346863, 'y': -0.002566121518611908, 'z': 0.6039047837257385}",1653088320566,0.600797830882766
690,"{'x': -0.00531722791492939, 'y': 0.003725822549313307, 'z': 0.016611695289611816}","{'x': -0.010693594813346863, 'y': -0.002566121518611908, 'z': 0.6039047837257385}",1653088320666,0.5873513987435668
691,"{'x': -0.00983914639800787, 'y': -0.0002484827709849924, 'z': 0.02967764437198639}","{'x': -0.010693594813346863, 'y': -0.002566121518611908, 'z': 0.6039047837257385}",1653088320816,0.5742324521496956
692,"{'x': -0.010884513147175312, 'y': -0.0007454138249158859, 'z': 0.03728952258825302}","{'x': -0.010693594813346863, 'y': -0.002566121518611908, 'z': 0.6039047837257385}",1653088320916,0.5666182185389179
693,"{'x': -0.012941364198923111, 'y': 0.004927688278257847, 'z': 0.04417587071657181}","{'x': -0.010693594813346863, 'y': -0.002566121518611908, 'z': 0.6039047837257385}",1653088321016,0.5597835882829236
694,"{'x': -0.01582108810544014, 'y': 0.000461853836895898, 'z': 0.04848770797252655}","{'x': -0.010693594813346863, 'y': -0.002566121518611908, 'z': 0.6039047837257385}",1653088321116,0.5554489966328711
695,"{'x': -0.020397312939167023, 'y': 0.0021486333571374416, 'z': 0.04873811453580856}","{'x': -0.010693594813346863, 'y': -0.002566121518611908, 'z': 0.6039047837257385}",1653088321216,0.5552714846257143
696,"{'x': -0.02179756388068199, 'y': 0.0029063562396913767, 'z': 0.04946242272853851}","{'x': -0.010693594813346863, 'y': -0.002566121518611908, 'z': 0.6039047837257385}",1653088321316,0.5545805422208869
697,"{'x': -0.02199220284819603, 'y': 0.0018306486308574677, 'z': 0.04833771288394928}","{'x': -0.010693594813346863, 'y': -0.002566121518611908, 'z': 0.6039047837257385}",1653088321416,0.5556993434718077
698,"{'x': -0.021939724683761597, 'y': -0.0009322987170889974, 'z': 0.04416909068822861}","{'x': -0.010693594813346863, 'y': -0.002566121518611908, 'z': 0.6039047837257385}",1653088321516,0.5598510434697702
699,"{'x': -0.025694668292999268, 'y': -0.004420076496899128, 'z': 0.03865611553192139}","{'x': -0.010693594813346863, 'y': -0.002566121518611908, 'z': 0.6039047837257385}",1653088321616,0.5654507284012352
700,"{'x': -0.02978598326444626, 'y': -0.006128090899437666, 'z': 0.03279559314250946}","{'x': -0.010693594813346863, 'y': -0.002566121518611908, 'z': 0.6039047837257385}",1653088321716,0.5714393357927582
701,"{'x': -0.03443474322557449, 'y': -0.006376655772328377, 'z': 0.026736140251159668}","{'x': -0.010693594813346863, 'y': -0.002566121518611908, 'z': 0.6039047837257385}",1653088321876,0.5776692871440507
702,"{'x': -0.03856142237782478, 'y': -0.00722701707854867, 'z': 0.025416716933250427}","{'x': -0.010693594813346863, 'y': -0.002566121518611908, 'z': 0.6039047837257385}",1653088321976,0.5791776784216518
703,"{'x': -0.04351099953055382, 'y': -0.007664118893444538, 'z': 0.025872960686683655}","{'x': -0.010693594813346863, 'y': -0.002566121518611908, 'z': 0.6039047837257385}",1653088322076,0.5789851121362793
704,"{'x': -0.04737500473856926, 'y': -0.007789282593876123, 'z': 0.027722753584384918}","{'x': -0.010693594813346863, 'y': -0.002566121518611908, 'z': 0.6039047837257385}",1653088322176,0.577372097614296
705,"{'x': -0.04752756282687187, 'y': -0.006514905486255884, 'z': 0.030152365565299988}","{'x': -0.010693594813346863, 'y': -0.002566121518611908, 'z': 0.6039047837257385}",1653088322276,0.5749471031663654
706,"{'x': -0.04777471721172333, 'y': -0.004713338799774647, 'z': 0.032546475529670715}","{'x': -0.010693594813346863, 'y': -0.002566121518611908, 'z': 0.6039047837257385}",1653088322376,0.5725643514270241
707,"{'x': -0.047928981482982635, 'y': -0.004009276628494263, 'z': 0.03469002991914749}","{'x': -0.010693594813346863, 'y': -0.002566121518611908, 'z': 0.6039047837257385}",1653088322476,0.5704331623145752
708,"{'x': -0.046205613762140274, 'y': -0.0029167612083256245, 'z': 0.03652074187994003}","{'x': -0.010693594813346863, 'y': -0.002566121518611908, 'z': 0.6039047837257385}",1653088322576,0.5684943952048132
709,"{'x': -0.04426950216293335, 'y': -0.0026764313224703074, 'z': 0.03743094205856323}","{'x': -0.010693594813346863, 'y': -0.002566121518611908, 'z': 0.6039047837257385}",1653088322686,0.5674680317125969
710,"{'x': -0.04438728839159012, 'y': -0.002175339497625828, 'z': 0.0369480699300766}","{'x': -0.010693594813346863, 'y': -0.002566121518611908, 'z': 0.6039047837257385}",1653088322836,0.5679571577289159
711,"{'x': -0.04461584985256195, 'y': -0.0012660673819482327, 'z': 0.036578454077243805}","{'x': -0.010693594813346863, 'y': -0.002566121518611908, 'z': 0.6039047837257385}",1653088322936,0.5683410717519334
712,"{'x': -0.04527360200881958, 'y': -0.0008191686356440187, 'z': 0.037195026874542236}","{'x': -0.010693594813346863, 'y': -0.002566121518611908, 'z': 0.6039047837257385}",1653088323034,0.5677664812688015
713,"{'x': -0.04854431003332138, 'y': -0.0017246066126972437, 'z': 0.037901073694229126}","{'x': -0.010693594813346863, 'y': -0.002566121518611908, 'z': 0.6039047837257385}",1653088323134,0.5672685294985378
714,"{'x': -0.053469330072402954, 'y': -0.004903383553028107, 'z': 0.04468504339456558}","{'x': -0.02931191399693489, 'y': -0.000485675991512835, 'z': 0.605438232421875}",1653088323316,0.5612906875192566
